timestamp,L_ax,L_ay,L_az,L_gx,L_gy,L_gz,R_ax,R_ay,R_az,R_gx,R_gy,R_gz,L_punch_cnt,R_punch_cnt,label
1817759,-3.24,2.21,14.59,-0.041,0.055,0.517,-0.63,0.34,0.05,0.004,0.005,-0.002,0,0,UNKNOWN
1817775,-3.24,2.21,14.59,-0.041,0.055,0.517,-0.64,0.35,0.07,0.004,0.001,-0.001,0,0,UNKNOWN
1817790,-3.24,2.19,14.69,-0.032,0.054,0.517,-0.67,0.36,0.02,0.005,0.002,0.002,0,0,UNKNOWN
1817805,-3.24,2.19,14.69,-0.032,0.054,0.517,-0.65,0.38,0.07,0.004,0.003,0.001,0,0,UNKNOWN
1817820,-3.24,2.19,14.69,-0.032,0.054,0.517,-0.66,0.32,0.06,0.006,0.001,-0.002,0,0,UNKNOWN
1817835,-3.24,2.19,14.69,-0.032,0.054,0.517,-0.64,0.33,0.01,0.005,0.001,0,0,0,UNKNOWN
1817910,-3.26,2.15,14.68,-0.039,0.057,0.517,-0.66,0.33,0.09,0.005,0.002,-0.001,0,0,UNKNOWN
1817970,-3.26,2.15,14.68,-0.039,0.057,0.517,-0.67,0.33,0.02,0.004,0.002,-0.001,0,0,UNKNOWN
1818030,-3.28,2.23,14.65,-0.038,0.055,0.516,-0.67,0.36,0.01,0.005,0.003,0,0,0,UNKNOWN
1818090,-3.28,2.23,14.65,-0.038,0.055,0.516,-0.63,0.33,0.06,0.005,0.003,-0.001,0,0,UNKNOWN
1818150,-3.25,2.19,14.69,-0.039,0.054,0.516,-0.65,0.33,0.05,0.004,0.001,-0.003,0,0,UNKNOWN
1818210,-3.25,2.19,14.69,-0.039,0.054,0.516,-0.64,0.33,0.08,0.004,0,-0.002,0,0,UNKNOWN
1818270,-3.24,2.19,14.67,-0.042,0.055,0.516,-0.65,0.32,0.03,0.004,0.001,0.001,0,0,UNKNOWN
1818330,-3.24,2.19,14.67,-0.042,0.055,0.516,-0.66,0.32,-0.01,0.005,0.002,0,0,0,UNKNOWN
1818420,-3.29,2.19,14.63,-0.038,0.055,0.518,-0.66,0.34,0.02,0.003,0.001,0,0,0,UNKNOWN
1818510,-3.27,2.19,14.7,-0.036,0.055,0.516,-0.66,0.34,0.02,0.006,0,0,0,0,UNKNOWN
1818570,-3.26,2.21,14.66,-0.041,0.056,0.517,-0.66,0.36,-0.02,0.005,0.002,0.001,0,0,UNKNOWN
1818630,-3.26,2.21,14.66,-0.041,0.056,0.517,-0.65,0.33,0.09,0.004,0.003,-0.003,0,0,UNKNOWN
1818690,-3.27,2.22,14.66,-0.035,0.055,0.517,-0.6,0.29,0.13,0.003,0.001,-0.003,0,0,UNKNOWN
1818750,-3.27,2.22,14.66,-0.035,0.055,0.517,-0.66,0.32,0.05,0.006,0.001,-0.001,0,0,UNKNOWN
1818780,-3.27,2.22,14.66,-0.035,0.055,0.517,-0.66,0.31,0.09,0.003,0.002,-0.002,0,0,UNKNOWN
1818810,-3.27,2.22,14.66,-0.035,0.055,0.517,-0.65,0.34,0.02,0.003,0.002,0.001,0,0,UNKNOWN
1818825,-3.27,2.22,14.66,-0.035,0.055,0.517,-0.67,0.33,0.04,0.003,0.003,0.001,0,0,UNKNOWN
1818870,-3.27,2.18,14.73,-0.039,0.056,0.517,-0.63,0.33,0.05,0.005,0.003,-0.001,0,0,UNKNOWN
1818885,-3.27,2.18,14.73,-0.039,0.056,0.517,-0.65,0.35,0.06,0.004,0.003,0,0,0,UNKNOWN
1818900,-3.27,2.18,14.73,-0.039,0.056,0.517,-0.65,0.33,0.05,0.005,0.001,0,0,0,UNKNOWN
1818915,-3.27,2.18,14.73,-0.039,0.056,0.517,-0.65,0.32,0.04,0.003,0.002,0,0,0,UNKNOWN
1818930,-3.28,2.19,14.67,-0.042,0.055,0.517,-0.65,0.36,0.05,0.005,0.002,-0.002,0,0,UNKNOWN
1818945,-3.28,2.19,14.67,-0.042,0.055,0.517,-0.65,0.35,0.05,0.003,0.001,-0.003,0,0,UNKNOWN
1819080,-3.27,2.21,14.69,-0.036,0.054,0.517,-0.65,0.35,0.03,0.004,0.002,0,0,0,UNKNOWN
1819200,-3.24,2.19,14.68,-0.042,0.055,0.517,-0.65,0.37,0.01,0.005,0.002,-0.001,0,0,UNKNOWN
1819320,-3.23,2.18,14.68,-0.038,0.054,0.517,-0.67,0.33,0.06,0.004,0.003,-0.001,0,0,UNKNOWN
1819440,-3.25,2.2,14.7,-0.038,0.055,0.517,-0.65,0.31,0.01,0.005,0.002,-0.002,0,0,UNKNOWN
1819500,-3.26,2.18,14.69,-0.038,0.055,0.517,-0.66,0.37,0.04,0.003,0.003,-0.002,0,0,UNKNOWN
1819515,-3.26,2.18,14.69,-0.038,0.055,0.517,-0.64,0.34,0.08,0.003,0.004,0,0,0,UNKNOWN
1819620,-3.28,2.18,14.63,-0.042,0.054,0.515,-0.65,0.3,0.07,0.005,0.001,0,0,0,UNKNOWN
1819740,-3.24,2.2,14.72,-0.038,0.056,0.516,-0.65,0.33,0.01,0.004,0.002,-0.001,0,0,UNKNOWN
1819920,-3.26,2.19,14.69,-0.038,0.054,0.516,-0.65,0.32,0.03,0.005,0.001,0.001,0,0,UNKNOWN
1820040,-3.27,2.2,14.7,-0.039,0.054,0.517,-0.65,0.34,0.04,0.004,0.001,-0.002,0,0,UNKNOWN
1820160,-3.28,2.18,14.69,-0.039,0.055,0.517,-0.65,0.34,0.05,0.005,0.002,0.001,0,0,UNKNOWN
1820280,-3.27,2.17,14.67,-0.042,0.055,0.516,-0.67,0.35,0.03,0.004,0.001,-0.003,0,0,UNKNOWN
1820400,-3.29,2.19,14.69,-0.044,0.054,0.517,-0.64,0.35,0.01,0.005,0.001,0,0,0,UNKNOWN
1820520,-3.25,2.21,14.69,-0.04,0.054,0.517,-0.65,0.33,0.03,0.003,0.003,-0.002,0,0,UNKNOWN
1820700,-3.26,2.18,14.65,-0.037,0.056,0.517,-0.61,0.33,0.12,0.005,0,-0.001,0,0,UNKNOWN
1820820,-3.27,2.2,14.62,-0.036,0.055,0.517,-0.68,0.36,-0.04,0.006,0.002,-0.001,0,0,UNKNOWN
1820940,-3.25,2.17,14.75,-0.03,0.057,0.516,-0.64,0.33,0.08,0.004,0.002,0,0,0,UNKNOWN
1821060,-3.26,2.18,14.66,-0.042,0.055,0.516,-0.66,0.35,0.06,0.003,0.003,0,0,0,UNKNOWN
1821180,-3.3,2.19,14.68,-0.038,0.056,0.516,-0.66,0.38,0.04,0.006,0.001,0.001,0,0,UNKNOWN
1821300,-3.24,2.18,14.66,-0.045,0.054,0.517,-0.65,0.33,0.03,0.005,0.002,-0.001,0,0,UNKNOWN
1821420,-3.26,2.23,14.62,-0.039,0.055,0.517,-0.65,0.33,-0.01,0.004,0.002,0,0,0,UNKNOWN
1821435,-3.26,2.23,14.62,-0.039,0.055,0.517,-0.66,0.37,0.03,0.005,0.003,-0.001,0,0,UNKNOWN
1821450,-3.28,2.19,14.72,-0.033,0.055,0.516,-0.63,0.34,0.05,0.004,0.003,-0.001,0,0,UNKNOWN
1821660,-3.26,2.19,14.71,-0.041,0.053,0.516,-0.67,0.34,0.03,0.004,0.001,0.002,0,0,UNKNOWN
1821780,-3.25,2.21,14.65,-0.041,0.055,0.516,-0.64,0.34,0.04,0.002,0.002,-0.003,0,0,UNKNOWN
1821900,-3.26,2.19,14.67,-0.037,0.056,0.516,-0.65,0.34,0.02,0.002,0.001,0.001,0,0,UNKNOWN
1822020,-3.29,2.19,14.66,-0.039,0.054,0.516,-0.64,0.35,0.03,0.005,0.003,-0.003,0,0,UNKNOWN
1822140,-3.27,2.21,14.67,-0.038,0.056,0.517,-0.63,0.33,0.01,0.005,0.001,0.001,0,0,UNKNOWN
1822260,-3.26,2.21,14.68,-0.038,0.054,0.517,-0.63,0.36,0.01,0.004,0.001,-0.003,0,0,UNKNOWN
1822380,-3.28,2.19,14.66,-0.038,0.056,0.517,-0.65,0.33,0.05,0.005,0.001,-0.002,0,0,UNKNOWN
1822500,-3.26,2.21,14.64,-0.038,0.055,0.517,-0.63,0.33,0.05,0.003,0.003,-0.002,0,0,UNKNOWN
1822620,-3.29,2.19,14.71,-0.038,0.055,0.518,-0.65,0.36,0.1,0.003,0.002,0.001,0,0,UNKNOWN
1822800,-3.25,2.2,14.68,-0.036,0.056,0.517,-0.62,0.35,0.05,0.004,0.002,-0.003,0,0,UNKNOWN
1822920,-3.25,2.2,14.68,-0.036,0.056,0.517,-0.64,0.32,0.03,0.003,0.002,0.002,0,0,UNKNOWN
1823040,-3.27,2.22,14.63,-0.04,0.054,0.517,-0.66,0.34,0.01,0.004,0.002,-0.002,0,0,UNKNOWN
1823160,-3.25,2.19,14.68,-0.04,0.054,0.516,-0.62,0.32,0.04,0.004,0.001,0.001,0,0,UNKNOWN
1823280,-3.27,2.18,14.65,-0.042,0.056,0.516,-0.63,0.31,0.04,0.004,0.001,-0.003,0,0,UNKNOWN
1823400,-3.26,2.22,14.62,-0.036,0.057,0.517,-0.65,0.34,-0.02,0.004,0.001,0.001,0,0,UNKNOWN
1823520,-3.27,2.19,14.72,-0.033,0.054,0.516,-0.65,0.34,0.1,0.004,0.001,-0.002,0,0,UNKNOWN
1823640,-3.27,2.19,14.73,-0.043,0.056,0.516,-0.64,0.34,0.01,0.005,0.002,0.001,0,0,UNKNOWN
1823760,-3.27,2.2,14.64,-0.038,0.054,0.516,-0.62,0.35,0.07,0.004,0.003,-0.002,0,0,UNKNOWN
1823940,-3.26,2.19,14.68,-0.036,0.056,0.517,-0.65,0.34,0.02,0.005,0.003,-0.001,0,0,UNKNOWN
1824060,-3.27,2.2,14.69,-0.039,0.054,0.516,-0.64,0.36,0.07,0.004,0.002,0,0,0,UNKNOWN
1824180,-3.26,2.21,14.68,-0.038,0.056,0.518,-0.64,0.32,-0.01,0.005,0.001,-0.001,0,0,UNKNOWN
1824300,-3.25,2.17,14.63,-0.039,0.054,0.516,-0.65,0.35,0.06,0.004,0.001,-0.001,0,0,UNKNOWN
1824420,-3.26,2.21,14.73,-0.036,0.055,0.517,-0.64,0.31,0.02,0.004,0.002,-0.001,0,0,UNKNOWN
1824540,-3.28,2.18,14.69,-0.042,0.055,0.517,-0.63,0.35,0.01,0.004,0.001,-0.002,0,0,UNKNOWN
1824660,-3.26,2.21,14.66,-0.04,0.057,0.516,-0.64,0.31,0.02,0.004,0.002,0,0,0,UNKNOWN
1824675,-3.26,2.21,14.66,-0.04,0.057,0.516,-0.61,0.32,0.07,0.005,0.003,0,0,0,UNKNOWN
1824780,-3.27,2.19,14.68,-0.039,0.055,0.517,-0.66,0.37,0.07,0.004,0.002,-0.003,0,0,UNKNOWN
1824900,-3.24,2.19,14.67,-0.039,0.055,0.517,-0.65,0.34,0.04,0.004,0.002,0.001,0,0,UNKNOWN
1825020,-3.26,2.19,14.69,-0.041,0.056,0.516,-0.63,0.35,0.03,0.006,0.002,-0.002,0,0,UNKNOWN
1825200,-3.27,2.19,14.66,-0.039,0.055,0.517,-0.64,0.34,0.06,0.005,0.001,-0.002,0,0,UNKNOWN
1825320,-3.26,2.21,14.69,-0.038,0.055,0.516,-0.68,0.34,0.04,0.005,0.002,0,0,0,UNKNOWN
1825440,-3.27,2.21,14.67,-0.04,0.056,0.516,-0.64,0.36,-0.02,0.006,0.001,-0.001,0,0,UNKNOWN
1825560,-3.26,2.2,14.77,-0.028,0.055,0.517,-0.63,0.33,0.09,0,0.004,0.001,0,0,UNKNOWN
1825680,-3.26,2.21,14.68,-0.045,0.055,0.516,-0.67,0.36,0.04,0.007,-0.001,-0.002,0,0,UNKNOWN
1825800,-3.26,2.2,14.61,-0.037,0.055,0.516,-0.65,0.32,0.08,-0.003,0.004,0,0,0,UNKNOWN
1825920,-3.27,2.19,14.7,-0.036,0.055,0.517,-0.61,0.36,0.08,0.005,-0.002,-0.001,0,0,UNKNOWN
1826040,-3.26,2.18,14.66,-0.043,0.055,0.515,-0.65,0.34,0.05,0.002,0.002,-0.001,0,0,UNKNOWN
1826160,-3.23,2.19,14.68,-0.035,0.056,0.517,-0.65,0.34,0.08,0.005,-0.001,-0.001,0,0,UNKNOWN
1826280,-3.24,2.19,14.71,-0.037,0.056,0.517,-0.65,0.34,0.03,0.004,0.002,-0.001,0,0,UNKNOWN
1826400,-3.26,2.19,14.65,-0.038,0.055,0.516,-0.68,0.36,0.04,0.006,0.003,0,0,0,UNKNOWN
1826580,-3.25,2.21,14.68,-0.038,0.055,0.516,-0.62,0.35,0.07,0.004,0.002,-0.001,0,0,UNKNOWN
1826700,-3.26,2.19,14.65,-0.04,0.054,0.517,-0.67,0.35,0.06,0.005,0.002,-0.001,0,0,UNKNOWN
1826820,-3.26,2.2,14.67,-0.036,0.056,0.517,-0.65,0.36,0.01,0.003,0.002,-0.001,0,0,UNKNOWN
1826940,-3.26,2.19,14.69,-0.039,0.054,0.517,-0.65,0.34,0.06,0.004,0.002,0,0,0,UNKNOWN
1827060,-3.25,2.18,14.67,-0.038,0.054,0.516,-0.65,0.34,0.05,0.005,0.002,-0.002,0,0,UNKNOWN
1827180,-3.27,2.2,14.66,-0.04,0.055,0.517,-0.66,0.35,0.02,0.004,0.001,-0.002,0,0,UNKNOWN
1827300,-3.25,2.2,14.69,-0.039,0.056,0.517,-0.63,0.36,0.02,0.004,0.001,-0.001,0,0,UNKNOWN
1827420,-3.29,2.19,14.68,-0.041,0.056,0.516,-0.65,0.33,0.04,0.004,0.001,-0.001,0,0,UNKNOWN
1827540,-3.28,2.19,14.67,-0.038,0.055,0.516,-0.67,0.31,0.07,0.005,0.003,-0.002,0,0,UNKNOWN
1827660,-3.27,2.21,14.66,-0.038,0.056,0.516,-0.66,0.35,0.03,0.005,0.001,0,0,0,UNKNOWN
1827780,-3.26,2.17,14.68,-0.038,0.055,0.517,-0.65,0.34,0.07,0.005,0.003,-0.002,0,0,UNKNOWN
1827960,-3.27,2.2,14.69,-0.038,0.055,0.518,-0.65,0.34,0.11,0.005,0.003,-0.002,0,0,UNKNOWN
1828080,-3.23,2.18,14.67,-0.038,0.057,0.517,-0.65,0.33,0.06,0.005,0.002,-0.002,0,0,UNKNOWN
1828200,-3.26,2.18,14.67,-0.04,0.054,0.516,-0.66,0.33,0,0.003,0.002,-0.002,0,0,UNKNOWN
1828320,-3.26,2.19,14.66,-0.037,0.054,0.517,-0.66,0.34,0.08,0.004,0.002,-0.001,0,0,UNKNOWN
1828440,-3.26,2.18,14.69,-0.038,0.055,0.518,-0.64,0.32,0.07,0.005,0.002,-0.001,0,0,UNKNOWN
1828620,-3.3,2.2,14.65,-0.038,0.056,0.517,-0.66,0.35,0.03,0.005,0.003,0.002,0,0,UNKNOWN
1828740,-3.26,2.19,14.68,-0.039,0.054,0.516,-0.64,0.34,0.05,0.005,0.002,-0.003,0,0,UNKNOWN
1828860,-3.24,2.21,14.68,-0.037,0.055,0.516,-0.68,0.35,0.06,0.003,0.001,0,0,0,UNKNOWN
1828980,-3.26,2.19,14.68,-0.039,0.053,0.515,-0.66,0.34,0.07,0.004,0.002,-0.003,0,0,UNKNOWN
1829100,-3.27,2.19,14.68,-0.038,0.055,0.517,-0.63,0.32,0.07,0.004,0.002,-0.001,0,0,UNKNOWN
1829115,-3.27,2.19,14.68,-0.038,0.055,0.517,-0.65,0.34,0.04,0.005,0.003,-0.003,0,0,UNKNOWN
1829130,-3.27,2.19,14.68,-0.038,0.055,0.517,-0.62,0.33,0.1,0.004,0,-0.003,0,0,UNKNOWN
1829340,-3.23,2.19,14.68,-0.044,0.054,0.516,-0.65,0.34,0.01,0.004,-0.001,0.001,0,0,UNKNOWN
1829520,-3.28,2.19,14.71,-0.037,0.056,0.518,-0.67,0.33,0.04,0.006,0.001,-0.004,0,0,UNKNOWN
1829640,-3.28,2.19,14.65,-0.045,0.055,0.518,-0.63,0.33,0.04,0.004,0.003,0.003,0,0,UNKNOWN
1829760,-3.26,2.21,14.66,-0.036,0.055,0.517,-0.65,0.38,0.06,0.004,0.001,-0.002,0,0,UNKNOWN
1829881,-3.39,1.91,14.39,0.041,0.038,0.437,-0.71,0.29,-0.55,-0.239,-0.35,-0.077,0,0,UNKNOWN
1830001,-3.28,2.12,14.64,-0.244,0.023,0.435,-0.49,0.16,0.34,0.321,0.018,0.385,0,0,UNKNOWN
1830121,-3.38,2.13,14.65,-0.274,0.03,0.434,-1.11,-0.29,-2.09,-0.414,-0.209,-0.15,0,0,UNKNOWN
1830241,-3.22,2.09,14.77,-0.239,0.077,0.46,0.89,2.01,-2.11,-2.68,1.74,-0.339,0,0,UNKNOWN
1830361,-3.29,2.07,14.39,0.048,0.227,0.777,-2.13,6.1,3.05,-3.741,2.025,-0.453,0,0,UNKNOWN
1830481,-3.37,1.49,14.22,0.076,0.036,0.509,-2.58,7.09,7.06,-2.613,1.269,0.308,0,0,UNKNOWN
1830601,-3.28,1.87,14.5,0.137,0.051,0.5,-2.42,6.51,8.21,-2.266,0.822,0.25,0,0,UNKNOWN
1830721,-3.21,1.93,14.42,0.042,0.051,0.507,-0.04,9.1,9.91,-2.286,0.392,0.173,0,0,UNKNOWN
1830841,-3.3,1.99,14.52,-0.16,0.024,0.579,-0.6,4.51,14.73,-1.71,0.125,0.521,0,0,UNKNOWN
1831021,-3.19,1.68,14.48,-0.555,-0.113,1.06,-1.86,5.58,16.97,0.406,2.194,-0.339,0,0,UNKNOWN
1831141,-3.45,1.05,14.08,-0.547,-0.057,0.76,-1.47,5.5,16.35,0.292,0.993,-0.661,0,0,UNKNOWN
1831261,-3.66,0.6,13.69,-0.68,-0.038,0.734,-3.88,4.72,13.45,0.653,-1.038,-0.814,0,0,UNKNOWN
1831381,-3.72,-0.22,12.74,-0.559,-0.176,0.889,-2.25,3.54,12.73,1.919,0.581,-0.719,0,0,UNKNOWN
1831501,-3.69,0.6,13.31,0.409,-0.162,0.516,-3.85,5.17,8.86,1.884,1.036,-0.508,0,0,UNKNOWN
1831621,-3.43,0.77,14.03,1.009,0.383,-0.141,-6.3,6.63,7.54,-0.462,-2.71,-1.702,0,0,UNKNOWN
1831681,-3.36,1.49,13.9,0.172,0.219,0.119,-9.19,6.92,7.58,-0.39,0.853,-1.265,0,0,UNKNOWN
1831696,-3.36,1.49,13.9,0.172,0.219,0.119,-9.26,6.58,8.89,-0.08,1.189,-0.615,0,0,UNKNOWN
1831741,-3.36,1.49,13.9,0.172,0.219,0.119,-7.45,5.13,7.91,0.208,0.907,-1.088,0,0,UNKNOWN
1831756,-3.36,1.49,13.9,0.172,0.219,0.119,-8.17,5.72,7.72,0.018,0.734,-1.03,0,0,UNKNOWN
1831801,-3.36,1.49,13.9,0.172,0.219,0.119,-8.07,4.79,8.13,-0.631,0.368,-0.461,0,0,UNKNOWN
1831921,-3.28,1.53,14.15,-0.177,-0.185,0.92,-10.11,5.37,8.35,0.418,0.16,-0.915,0,0,UNKNOWN
1832041,-3.36,1.59,14.12,-0.071,-0.697,1.618,-12.76,1.83,4.58,-0.94,2.486,1.55,0,0,UNKNOWN
1832161,-3.4,1.35,14.23,-0.063,0.171,0.232,-6.32,4.26,8.46,1.507,1.831,2.033,0,0,UNKNOWN
1832281,-3.33,1.59,14.27,0.227,0.055,0.471,-3.19,6.78,9.94,-0.538,0.365,2.244,0,0,UNKNOWN
1832402,-3.28,1.75,14.37,0.21,0.034,0.523,1.83,7.37,15.22,-2.36,1.827,0.848,0,0,UNKNOWN
1832522,-3.02,2.35,14.86,0.202,-0.221,1.062,2.68,3.56,13.18,3.573,-0.369,0.45,0,0,UNKNOWN
1832642,-2.97,1.62,14.93,-0.366,-0.741,2.005,-20.31,-10.54,-31.35,-1.221,-4.331,1.056,0,0,UNKNOWN
1832762,-4.06,0.74,13.67,-1.052,1.041,-0.759,11.96,4.56,22.49,1.954,3.317,-4.092,0,0,UNKNOWN
1832887,-2.79,1.44,14.79,-0.851,0.427,-0.081,1.87,5.56,2.1,-0.236,0.585,0.141,0,1,UNKNOWN
1833007,-3.29,2.31,14.85,-0.08,0.066,0.508,2.34,5.51,2.09,0.006,-0.249,-0.316,0,1,UNKNOWN
1833127,-3.25,2.26,14.64,-0.015,0.055,0.527,0.12,5.54,3.42,0.465,0.165,-0.117,0,1,UNKNOWN
1833247,-3.27,2.3,14.75,-0.026,0.057,0.518,0.11,4.56,2.29,0.916,-0.434,-0.189,0,1,UNKNOWN
1833367,-3.23,2.32,14.75,-0.036,0.05,0.524,-0.24,4.38,2.08,-0.136,-0.05,-0.181,0,1,UNKNOWN
1833547,-3.25,2.36,14.73,-0.038,0.056,0.516,-0.27,4.44,2.64,-0.003,0.157,-0.124,0,1,UNKNOWN
1833667,-3.28,2.35,14.8,-0.042,0.055,0.517,-0.69,4.18,2.47,-0.14,-0.069,-0.125,0,1,UNKNOWN
1833787,-3.28,2.33,14.75,-0.051,0.055,0.517,-0.91,4.11,2.46,0.29,0.096,-0.254,0,1,UNKNOWN
1833907,-3.25,2.35,14.77,-0.038,0.055,0.517,-0.49,4.23,2.49,0.213,0.157,-0.143,0,1,UNKNOWN
1834027,-3.26,2.33,14.78,-0.037,0.055,0.516,-0.76,4.01,1.74,0.097,-0.012,-0.124,0,1,UNKNOWN
1834147,-3.26,2.33,14.72,-0.043,0.054,0.516,-0.76,3.93,2,0.188,0.005,-0.119,0,1,UNKNOWN
1834207,-3.26,2.33,14.72,-0.037,0.055,0.516,-0.65,4.03,1.91,0.26,-0.046,-0.139,0,1,UNKNOWN
1834222,-3.26,2.33,14.72,-0.037,0.055,0.516,-0.8,3.94,1.76,0.259,-0.054,-0.117,0,1,UNKNOWN
1834267,-3.26,2.33,14.72,-0.037,0.055,0.516,-0.68,3.63,1.8,0.128,-0.177,-0.038,0,1,UNKNOWN
1834387,-3.3,2.31,14.76,-0.029,0.056,0.517,-1.16,3.47,1.94,0.066,-0.339,-0.14,0,1,UNKNOWN
1834567,-3.25,2.33,14.7,-0.026,0.055,0.515,-2.16,4,1.81,-0.522,-0.571,-0.275,0,1,UNKNOWN
1834687,-3.25,2.33,14.74,-0.038,0.055,0.516,-2.88,4.36,2.45,-0.448,-0.281,0.025,0,1,UNKNOWN
1834807,-3.27,2.32,14.74,-0.034,0.054,0.517,-2.82,4.81,2.83,-0.337,-0.608,-0.409,0,1,UNKNOWN
1834927,-3.28,2.34,14.74,-0.028,0.055,0.519,-4.42,4.26,3.33,0.392,0.067,-0.326,0,1,UNKNOWN
1834942,-3.28,2.34,14.74,-0.028,0.055,0.519,-4.8,4.17,3.61,0.644,0.341,-0.151,0,1,UNKNOWN
1834957,-3.28,2.34,14.74,-0.028,0.055,0.519,-4.43,3.77,2.95,0.691,0.376,0.009,0,1,UNKNOWN
1834987,-3.28,2.34,14.74,-0.028,0.055,0.519,-4.5,3.52,1.39,0.576,0.139,0.205,0,1,UNKNOWN
1835002,-3.28,2.33,14.79,-0.033,0.054,0.519,-4.18,3.88,1.23,0.483,0.036,0.249,0,1,UNKNOWN
1835167,-3.28,2.34,14.73,-0.045,0.054,0.515,-3.66,4.07,2.44,-1.398,-0.352,-0.45,0,1,UNKNOWN
1835287,-3.28,2.3,14.79,-0.069,0.062,0.519,-4.15,6.18,9.79,-1.43,-0.356,-0.539,0,1,UNKNOWN
1835407,-3.27,2.32,14.79,-0.05,0.049,0.516,-6.2,5.57,6.15,0.272,0.878,-0.944,0,1,UNKNOWN
1835527,-3.26,2.34,14.76,-0.057,0.054,0.515,-6.67,3.8,3,0.711,0.599,-0.438,0,1,UNKNOWN
1835647,-3.43,2.14,14.53,0.048,-0.066,0.786,-5.45,4.45,4.95,0.132,0.3,0.228,0,1,UNKNOWN
1835767,-3.28,2.31,14.93,-0.044,0.055,0.516,-5.12,6.18,2.92,-0.24,-0.081,-0.146,0,1,UNKNOWN
1835888,-3.3,2.36,14.7,-0.075,0.06,0.515,-6.1,3.82,3.73,-0.162,-0.189,-0.226,0,1,UNKNOWN
1836008,-3.21,2.44,14.68,0.103,0.067,0.528,-6.43,3.92,5.5,-0.167,0.065,-0.093,0,1,UNKNOWN
1836128,-3.27,2.37,14.79,-0.021,0.054,0.517,-6.14,4.63,4.29,-0.07,0.157,-0.02,0,1,UNKNOWN
1836248,-3.3,2.4,14.8,-0.042,0.051,0.515,-6.23,4.63,3.87,-0.061,0.081,-0.018,0,1,UNKNOWN
1836368,-2.62,2.08,14.95,-0.17,-0.291,1.248,-6.31,4.07,4.78,-0.1,-0.163,-0.069,0,1,UNKNOWN
1836428,-2.62,2.08,14.95,-0.17,-0.291,1.248,-6.34,4.57,4.34,-0.072,-0.239,-0.002,0,1,UNKNOWN
1836443,-2.62,2.08,14.95,-0.17,-0.291,1.248,-6.27,4.57,4.55,-0.221,-0.211,-0.01,0,1,UNKNOWN
1836488,-3.65,2.54,16.15,3.454,0.001,1.041,-6.34,4.57,4.79,-0.363,-0.263,-0.082,0,1,UNKNOWN
1836608,-7.49,6.07,17.31,3.568,3.052,1.886,-6.33,4.65,5.44,-0.2,-0.314,-0.076,0,1,UNKNOWN
1836728,-2.91,10.64,15.5,2.336,-4.21,2.127,-6.57,5.66,5.06,-0.631,-0.912,-0.076,0,1,UNKNOWN
1836788,-2.91,10.64,15.5,2.336,-4.21,2.127,-6.94,5.72,5.12,-0.692,-1.145,-0.346,0,1,UNKNOWN
1836803,-2.94,13.46,15.74,1.548,-1.767,2.099,-7.03,5.92,5.06,-0.742,-1.358,-0.45,0,1,UNKNOWN
1836848,-2.94,13.46,15.74,1.548,-1.767,2.099,-7.52,5.53,5.94,-1.359,-1.517,-0.532,0,1,UNKNOWN
1837028,0.47,13.5,14.24,1.517,-1.724,1.917,-8.6,4.59,11.96,-1.724,-0.873,-0.782,0,1,UNKNOWN
1837148,1.55,11.39,8.92,1.857,-0.636,2.458,-9,2.01,13.06,-1.093,-0.182,-0.156,0,1,UNKNOWN
1837268,4.37,11.49,9.83,-0.482,-0.487,2.808,-7.53,2.75,14.34,0.353,-0.375,0.068,0,1,UNKNOWN
1837388,4.45,2.89,3.92,-3.242,-2.743,3.973,-6.97,3.41,14.79,0.582,-0.09,-0.348,0,1,UNKNOWN
1837508,5.8,6.44,1.06,-0.799,-0.435,1.592,-8.55,2.8,12.65,0.219,0.067,-0.192,0,1,UNKNOWN
1837628,6.04,7.17,0.32,-0.081,-0.984,1.027,-7.75,4.48,12.3,-0.765,-0.244,-0.506,0,1,UNKNOWN
1837808,3.96,3.75,-2.04,0.756,-1.558,0.623,-8.41,-1.2,14.54,-1.422,-0.268,-0.56,0,1,UNKNOWN
1837928,1.98,6.13,-3.15,0.178,-1.33,0.461,-7.82,-1.56,15.75,-0.81,-0.766,-0.068,0,1,UNKNOWN
1838048,1.55,5.09,-2.63,-0.003,-1.038,0.352,-8.27,-1.39,18.19,0.829,-0.991,-0.138,0,1,UNKNOWN
1838168,2.87,5.3,-3.05,-0.38,0.572,0.773,-8,-0.89,16.05,0.662,-0.711,-0.683,0,1,UNKNOWN
1838288,0.1,5.3,-5.01,0.065,0.023,-0.103,-5.21,-4.08,24.63,1.02,-0.613,0.47,0,1,UNKNOWN
1838408,1.31,7.15,-4.32,0.6,0.568,0.568,-6.01,-0.59,17.79,2.131,4.201,2.457,0,1,UNKNOWN
1838528,2.72,3.52,-1.49,-0.978,2.96,0.394,-5.47,3.59,10.86,2.278,3.791,2.115,0,1,UNKNOWN
1838638,4.92,4.48,2.02,-0.837,2.27,0.006,-2.86,5.3,6.08,0.258,4.179,1.091,0,2,UNKNOWN
1838758,7.27,7.69,4.68,-0.726,0.914,-0.049,1.1,6.17,2.55,0.987,2.72,0.963,0,2,UNKNOWN
1838878,5.97,7.55,3.85,-0.084,0.247,-0.552,0.69,7.02,2.87,-1.038,-0.093,-0.389,0,2,UNKNOWN
1838998,5.75,9.05,4.46,-0.715,0.212,-0.71,-2.57,7.53,8.03,-0.558,-1.107,-0.58,0,2,UNKNOWN
1839118,7.24,13.78,5.16,-0.999,0.828,-0.157,-0.58,7.7,5.9,-0.328,-0.158,-0.446,0,2,UNKNOWN
1839298,6.74,10.67,7.64,-0.35,2.202,0.179,-4.83,7.12,9.39,-0.797,-0.302,0.232,0,2,UNKNOWN
1839373,6.53,13.52,10.62,0.305,3.983,0.613,-2.9,7.32,10.05,0.043,-0.37,0.309,0,2,UNKNOWN
1839538,5.64,12.59,13.2,-1.263,0.791,1.358,-3.06,6.89,9.24,-0.198,-0.276,0.166,0,2,UNKNOWN
1839658,3.29,9.46,14.26,-2.17,3.577,-1.187,-3.08,7.56,11.18,-0.128,-0.13,0.029,0,2,UNKNOWN
1839778,2.09,9.88,14.72,-0.38,0.655,0.208,-3.03,7.81,9.65,-0.206,-0.395,0.07,0,2,UNKNOWN
1839898,2.09,9.88,14.72,-0.38,0.655,0.208,-2.68,7.74,10.75,-0.63,0.533,-0.423,0,2,UNKNOWN
1840018,1.87,10.56,13.4,-0.342,0.131,0.124,-2.03,6.33,11.62,-0.468,0.693,0.09,0,2,UNKNOWN
1840138,0.88,10.08,14.35,-0.616,1.206,0.922,-1.33,6.3,15.28,-0.191,-0.365,0.084,0,2,UNKNOWN
1840258,-0.52,9.900001,16.65,-0.361,0.48,0.257,-2,6.37,15.62,-0.17,-0.084,-0.231,0,2,UNKNOWN
1840378,-1.96,10.13,15.75,-0.165,0.413,0.179,-1.57,5.54,15.8,-0.123,0,-0.12,0,2,UNKNOWN
1840498,-1.42,9.6,14.9,0.121,0.22,0.593,-1.91,6.01,14.87,0.322,-0.235,-0.018,0,2,UNKNOWN
1840618,-0.67,9.849999,14.35,0.032,-0.09,0.622,-1.56,6.21,14.67,0.042,-0.038,0.003,0,2,UNKNOWN
1840738,-0.89,10.08,14.85,0.032,0.084,0.618,-1.69,6.34,14.69,0.012,-0.064,0.004,0,2,UNKNOWN
1840858,-1.09,10.07,14.99,-0.066,0.208,0.553,-1.67,6.26,14.89,0.026,0.038,0.027,0,2,UNKNOWN
1840979,-0.93,10.02,14.91,-0.031,0.27,0.766,-1.58,6.41,14.72,0.086,0.008,0.014,0,2,UNKNOWN
1841100,-0.88,10.02,14.95,0.018,-0.033,0.619,-1.61,6.26,14.69,-0.046,-0.012,0.004,0,2,UNKNOWN
1841220,-1.16,9.98,14.96,-0.033,0.059,0.532,-1.65,6.27,14.79,-0.016,-0.03,0.036,0,2,UNKNOWN
1841280,-1.19,10.07,15.01,-0.105,0.107,0.484,-1.57,6.33,14.81,0.027,-0.008,0.045,0,2,UNKNOWN
1841296,-1.19,10.07,15.01,-0.105,0.107,0.484,-1.52,6.34,14.68,-0.011,-0.009,0.022,0,2,UNKNOWN
1841341,-1.19,10.07,15.01,-0.105,0.107,0.484,-1.56,6.36,14.82,0.026,0.041,-0.001,0,2,UNKNOWN
1841461,-1.14,10.01,15.03,0.032,0.065,0.611,-1.46,6.32,14.68,0.007,0.035,-0.005,0,2,UNKNOWN
1841582,-1.23,10.05,15.2,-0.024,0.087,0.521,-1.55,6.25,14.7,0.019,0.021,-0.014,0,2,UNKNOWN
1841702,-1.25,10.03,15.12,-0.056,0.097,0.487,-1.67,6.28,14.74,0.016,-0.019,-0.004,0,2,UNKNOWN
1841822,-1.18,10.12,14.91,-0.08,0.134,0.518,-1.59,6.4,14.71,-0.005,-0.03,-0.023,0,2,UNKNOWN
1841942,-1.08,10.1,14.79,0.037,-0.029,0.459,-1.68,6.27,14.6,0.007,-0.011,-0.017,0,2,UNKNOWN
1841958,-1.08,10.1,14.79,0.037,-0.029,0.459,-1.66,6.25,14.67,0.011,-0.013,-0.008,0,2,UNKNOWN
1842123,-0.98,10.2,14.93,0.023,0,0.556,-1.69,6.3,14.5,0.009,-0.025,-0.024,0,2,UNKNOWN
1842243,-1.1,10.21,14.75,-0.003,0.02,0.524,-1.66,6.39,14.51,0.028,-0.003,-0.005,0,2,UNKNOWN
1842363,-1.02,10.28,14.8,-0.012,0.039,0.549,-1.72,6.32,14.71,0.019,-0.028,-0.007,0,2,UNKNOWN
1842483,-1.14,10.19,14.73,-0.032,0.021,0.489,-1.68,6.33,14.62,0.028,0.007,-0.011,0,2,UNKNOWN
1842603,-1.03,10.26,14.95,-0.018,0.06,0.552,-1.63,6.34,14.56,-0.004,-0.005,-0.01,0,2,UNKNOWN
1842723,-1.1,10.26,14.88,-0.037,0.041,0.514,-1.68,6.33,14.61,0.026,0.009,-0.019,0,2,UNKNOWN
1842843,-1.13,10.24,15.01,-0.034,0.049,0.5,-1.69,6.33,14.54,-0.008,-0.008,-0.007,0,2,UNKNOWN
1842963,-1.03,10.27,14.87,-0.036,0.054,0.497,-1.73,6.36,14.61,-0.015,0,0.001,0,2,UNKNOWN
1843083,-1.08,10.31,14.77,-0.026,0.046,0.538,-1.63,6.35,14.6,-0.011,-0.011,0.027,0,2,UNKNOWN
1843203,-1.19,10.27,14.85,-0.037,0.043,0.51,-1.59,6.31,14.77,-0.009,-0.004,0.018,0,2,UNKNOWN
1843323,-1.01,10.19,15.04,-0.005,0.031,0.52,-1.73,6.42,14.44,0.024,0.006,-0.028,0,2,UNKNOWN
1843443,-1.27,10.29,14.7,-0.066,0.071,0.452,-1.69,6.19,14.68,-0.013,-0.009,0.006,0,2,UNKNOWN
1843563,-1.1,10.31,14.88,-0.01,0.047,0.595,-1.64,6.39,14.56,0.012,0.02,0.01,0,2,UNKNOWN
1843683,-1.12,10.25,14.58,-0.052,0.072,0.507,-1.62,6.28,14.78,-0.005,-0.001,0.006,0,2,UNKNOWN
1843803,-1.13,10.28,14.97,-0.009,0.034,0.57,-1.61,6.38,14.51,0.02,-0.005,-0.014,0,2,UNKNOWN
1843983,-1.08,10.22,14.78,-0.026,0.043,0.523,-1.63,6.43,14.54,0.032,0.012,-0.008,0,2,UNKNOWN
1844103,-1.08,10.24,14.97,-0.001,0.034,0.592,-1.69,6.37,14.59,-0.023,-0.015,-0.006,0,2,UNKNOWN
1844223,-1.28,10.22,14.81,-0.085,0.071,0.453,-1.64,6.3,14.62,0.015,0.016,-0.003,0,2,UNKNOWN
1844343,-0.95,10.24,14.88,-0.053,-0.068,0.372,-1.71,6.37,14.54,0.017,-0.119,-0.054,0,2,UNKNOWN
1844463,-0.63,10.13,15,-0.273,-0.178,-0.018,-1.81,6.23,14.8,0.02,-0.582,-0.191,0,2,UNKNOWN
1844583,-0.75,9.87,15.08,-0.321,-0.711,-0.676,-1.21,6.24,14.73,0.405,-1.038,-0.383,0,2,UNKNOWN
1844703,-0.66,9.73,15.24,-0.38,-0.585,-0.763,-1.01,6.97,14.16,0.555,-0.696,-0.433,0,2,UNKNOWN
1844823,0.37,9.88,15.27,-0.165,-0.403,-0.847,-5.94,11.68,24.9,-4.154,-1.955,0.754,0,2,UNKNOWN
1844943,-2.22,8.059999,11.87,-0.442,1.916,1.514,-3.35,8.64,15.87,0.678,0.535,0.539,0,2,UNKNOWN
1845063,-1.61,10.18,17.3,1.554,-1.468,0.289,0.93,5.93,15.64,-0.065,-2.503,-0.526,0,2,UNKNOWN
1845183,-0.59,10.59,13.64,-0.386,0.425,0.788,1.87,6.68,8.55,2.78,-4.331,2.67,0,2,UNKNOWN
1845303,-0.94,10.66,14.57,0.096,-0.332,0.583,5.22,5.35,11.49,-0.069,-4.331,2.368,0,2,UNKNOWN
1845423,0.39,10.66,13.8,0.102,0.018,0.554,9.15,2.93,7.26,-2.541,-4.331,0.589,0,2,UNKNOWN
1845543,0.57,11.41,13.3,0.026,0.087,0.705,0.32,2.61,2.25,2.82,-1.358,-1.389,0,2,UNKNOWN
1845663,-2.49,9.65,15.83,-0.42,0.204,-0.441,0.44,4.26,2.14,-0.037,1.85,-0.601,0,2,UNKNOWN
1845783,-4.4,9.51,14.99,0.647,-0.314,1.218,1.8,3.13,2.39,-0.112,2.496,0.419,0,2,UNKNOWN
1845903,0.01,10.82,13.51,0.459,-0.635,2.059,13.18,4.78,18.52,2.007,2.073,-1.138,0,2,UNKNOWN
1845963,1.65,9.059999,12.62,-0.567,0.305,2.148,-0.2,7.78,15.94,0.473,4.4,0.288,0,2,UNKNOWN
1846083,3.13,11.58,15.06,0.141,0.711,2.757,7.31,1.63,13.7,0.73,0.496,-0.755,0,2,UNKNOWN
1846203,-0.84,8.99,16.16,1.784,-0.575,0.731,6.88,1.71,10.83,1.729,0.267,-1.037,0,2,UNKNOWN
1846323,1.18,9.17,14.91,1.622,-1.141,1.993,4.99,4.8,9.6,2.207,0.096,-1.795,0,2,UNKNOWN
1846503,9.45,13.04,5.5,2.363,-2.38,1.104,5.63,6.84,5.39,0.536,0.447,-0.941,0,2,UNKNOWN
1846743,8.23,10.82,10.35,0.744,-0.773,1.926,3.39,6.58,7.52,-2.293,1.054,-0.111,0,2,UNKNOWN
1846863,7.53,5.19,9.849999,1.798,-2.319,2.205,2.04,5.72,12.54,-2.59,-1.024,-0.57,0,2,UNKNOWN
1846983,4.35,1.84,5.34,1.496,-2.059,1.356,2.34,3.97,16.28,-1.272,-0.271,-0.536,0,2,UNKNOWN
1847103,3.73,1.99,2.47,0.257,-0.799,0.831,2.07,4.78,16.03,-0.719,-0.788,-0.988,0,2,UNKNOWN
1847223,5.65,3.53,1.74,-0.229,-0.267,0.825,1.48,5.51,14.85,-0.442,-0.267,-0.824,0,2,UNKNOWN
1847343,6,3.21,1.82,-0.136,-0.176,1.073,-0.02,5.17,15.24,-0.423,-0.057,-0.212,0,2,UNKNOWN
1847583,4.19,0.38,1.2,-0.061,0.448,0.518,2.24,4.15,16.92,2.016,0.967,0.704,0,2,UNKNOWN
1847703,5.21,1.09,1.73,0.117,0.671,-0.132,2.13,5.9,13.42,2.394,1.902,0.617,0,2,UNKNOWN
1847823,6.95,1.48,3.47,-0.148,0.936,-0.39,2.02,8.51,7.12,1.631,1.415,0.357,0,2,UNKNOWN
1847943,7.55,3.62,5.7,0.578,0.448,-0.912,1.99,9.82,6.18,0.138,0.914,-0.886,0,2,UNKNOWN
1848063,8.679999,8.02,6.29,-1.111,-0.897,-0.381,0.35,7.77,8.72,-2.136,-0.246,-0.759,0,2,UNKNOWN
1848243,4.67,15.67,3.82,-2.897,-1.803,-2.071,-0.97,6.1,11.86,-2.021,-1.398,0.416,0,2,UNKNOWN
1848483,1.38,12.92,2.61,-0.011,0.451,-1.072,0.99,4.43,16.2,-0.728,-0.257,0.122,0,2,UNKNOWN
1848603,3.23,11.6,0.34,-2.086,-0.168,1.017,2.01,4.44,15.64,-1.96,-1.857,-0.501,0,2,UNKNOWN
1848723,4.3,12.45,6.46,-3.126,-0.756,-0.863,4.82,-0.39,19.73,-0.316,-0.744,-1.125,0,2,UNKNOWN
1848903,1.23,17.21,5.21,0.321,0.36,0.986,4.25,2.82,10.26,2.491,-4.331,1.643,0,2,UNKNOWN
1848963,1.23,17.21,5.21,0.321,0.36,0.986,2.55,2.74,16.48,2.724,-4.331,-0.136,0,2,UNKNOWN
1848978,1.23,17.21,5.21,0.321,0.36,0.986,4.21,-0.33,10.95,2.249,-4.194,-1.518,0,2,UNKNOWN
1849087,2.96,16.11,6.06,-0.4,-1.12,1.87,-2.89,6.59,13.99,-0.397,-0.082,0.902,0,3,UNKNOWN
1849208,5.43,11.27,5.05,0.393,0.157,0.788,2.47,6.82,16.39,1.015,-0.055,-0.565,0,3,UNKNOWN
1849388,4.48,12.95,2.14,0.427,0.813,0.659,5.33,4.8,5.74,2.161,-1.469,-0.385,0,3,UNKNOWN
1849508,3.95,11.48,2.4,2.3,1.967,0.257,5.76,8.16,5.16,1.097,0.389,-1.197,0,3,UNKNOWN
1849628,4.76,11.16,4.35,2.343,3.193,0.92,2.42,7.38,3.91,-0.578,1.479,-2.267,0,3,UNKNOWN
1849643,4.76,11.16,4.35,2.343,3.193,0.92,2.26,7.38,4.26,-0.564,1.307,-2.404,0,3,UNKNOWN
1849658,4.76,11.16,4.35,2.343,3.193,0.92,1.46,6.73,3.13,-0.684,1.213,-2.612,0,3,UNKNOWN
1849688,4.76,11.16,4.35,2.343,3.193,0.92,0.1,6.46,3.74,-1.386,1.474,-2.597,0,3,UNKNOWN
1849703,5.56,11.6,7.41,1.91,1.253,3.168,-0.12,6.2,4.47,-1.385,1.241,-2.566,0,3,UNKNOWN
1849928,11.02,0.24,4.41,4.157,-0.929,1.381,-3.84,5.18,7.19,-0.811,-0.423,-0.984,0,3,UNKNOWN
1850048,8.679999,-0.46,5.96,1.852,-0.075,1.222,-3.05,6.5,10.75,-0.14,-0.154,-0.314,0,3,UNKNOWN
1850168,5.6,3.55,4.76,1.095,0.493,0.649,-3.07,5.69,10.36,-0.088,0.159,-0.006,0,3,UNKNOWN
1850288,8.76,2.1,6.42,-0.02,-0.235,0.134,-4.54,4.01,9.07,0.264,-0.627,0.454,0,3,UNKNOWN
1850408,8.59,-0.78,5.59,-0.863,-0.134,-0.129,-2.91,4.5,10.41,-0.054,-0.838,1.348,0,3,UNKNOWN
1850528,6.02,6.61,7.06,-0.183,-0.703,-1.771,-1.32,6.3,10.09,0.685,-1.129,1.377,0,3,UNKNOWN
1850648,3.43,10.8,4.87,-2.629,-3.645,2.24,1.39,6.85,8.11,1.041,-1.139,0.763,0,3,UNKNOWN
1850768,6.45,6.22,0.83,0.148,1.002,2.001,1.2,6.71,5.77,1.313,-1.069,0.116,0,3,UNKNOWN
1850888,2.69,5.22,6.57,-0.018,3.721,1.537,2.47,9.46,4.2,1.02,-0.847,-0.172,0,3,UNKNOWN
1851068,10.47,1.54,10.42,-0.378,3.127,1.102,-0.68,7.35,2.12,-0.089,0.273,-0.344,0,3,UNKNOWN
1851248,5.77,5.2,13.62,0.044,2.164,-3.493,-1.54,5.17,2.71,-0.172,0.343,-0.412,0,3,UNKNOWN
1851428,2.94,6.24,8.19,-1.491,2.129,-2.476,-0.26,6.36,6.27,0.909,-0.088,0.136,0,3,UNKNOWN
1851548,2.23,9.25,14.24,-2.029,2.463,-3.587,-0.53,2.89,-0.36,0.562,0.237,0.12,0,3,UNKNOWN
1851668,3.69,4.89,11.43,2.504,2.26,1.494,0.68,5.13,2.77,-0.181,-0.079,0.043,0,3,UNKNOWN
1851788,2.24,5.16,15.13,-0.023,0.202,0.667,0.33,6.86,-0.78,0.322,-0.387,-0.767,0,3,UNKNOWN
1851908,2.7,3.5,15.08,-0.5,0.482,0.516,-4.22,4.07,3.47,0.136,-1.444,0.254,0,3,UNKNOWN
1852028,2.76,4.5,13.91,-0.796,-0.075,0.431,-3.25,2.89,3.34,-1.67,0.312,1.719,0,3,UNKNOWN
1852148,2.52,4.49,14.12,-0.095,0.032,0.506,13.54,8.78,24.85,0.226,-0.692,-0.87,0,3,UNKNOWN
1852268,2.51,4.42,14.21,-0.05,0.007,0.521,-2.1,8.37,7.43,-0.408,-0.814,-1.242,0,3,UNKNOWN
1852448,2.74,4.28,14.08,-0.11,-0.01,0.505,0.77,6.73,6.33,-0.252,-0.074,0.582,0,3,UNKNOWN
1852568,2.65,4.37,14.17,-0.056,0.017,0.5,2.31,7.08,6.35,-0.033,0.678,1.378,0,3,UNKNOWN
1852688,2.73,4.31,14.18,-0.076,-0.015,0.519,2.35,7.04,7.34,-0.69,0.816,1.802,0,3,UNKNOWN
1852808,2.94,4.23,13.94,-0.032,0.019,0.535,5.29,2.33,8.18,-0.247,-0.272,1.358,0,3,UNKNOWN
1852928,2.9,4.1,13.98,-0.032,0.051,0.509,7.27,2.65,7.47,0.414,-0.488,0.341,0,3,UNKNOWN
1853048,2.86,4.21,13.99,-0.049,0.06,0.504,6.28,4.51,6.31,0.051,-0.307,-0.261,0,3,UNKNOWN
1853168,2.79,4.34,14.06,0.002,0.074,0.51,5.51,4.59,6.7,0.046,-0.117,-0.191,0,3,UNKNOWN
1853288,2.75,4.34,14.1,-0.034,0.045,0.518,5.5,4.85,6.36,-0.041,-0.062,0.039,0,3,UNKNOWN
1853408,2.85,4.23,13.97,-0.046,0.045,0.518,5.47,4.32,6.85,0.085,-0.008,0.026,0,3,UNKNOWN
1853528,2.85,4.3,14.04,-0.051,0.056,0.511,5.5,4.34,6.78,0.244,0.169,0.032,0,3,UNKNOWN
1853648,2.8,4.36,14.05,-0.037,0.05,0.518,5.79,4.34,6.78,0.702,0.751,0.268,0,3,UNKNOWN
1853768,2.84,4.28,14.03,-0.042,0.047,0.516,6.1,2.88,5.78,0.378,1.748,-0.022,0,3,UNKNOWN
1853888,2.76,4.3,14.02,-0.041,0.061,0.51,6.8,3.64,8.35,0.887,-0.009,0.497,0,3,UNKNOWN
1854008,2.77,4.34,14.07,-0.016,0.065,0.515,7.53,2.42,9.58,-0.474,1.899,0.886,0,3,UNKNOWN
1854068,2.83,4.28,13.98,-0.045,0.052,0.517,8.17,1.46,10.88,-0.205,1.179,0.742,0,3,UNKNOWN
1854083,2.83,4.28,13.98,-0.045,0.052,0.517,8.27,1.29,11.52,-0.115,0.946,0.635,0,3,UNKNOWN
1854308,2.77,4.33,14.12,-0.052,0.045,0.514,8.81,0.18,12.17,0.626,-0.49,-0.216,0,3,UNKNOWN
1854428,2.85,4.28,14.03,-0.04,0.056,0.522,7.84,1.64,9.1,0.5,0.05,-0.296,0,3,UNKNOWN
1854443,2.85,4.28,14.03,-0.04,0.056,0.522,7.93,1.46,9.61,0.364,0.141,-0.207,0,3,UNKNOWN
1854489,2.84,4.37,14.02,-0.029,0.054,0.514,7.95,1.05,10.77,0.562,-0.195,-0.507,0,3,UNKNOWN
1854609,2.82,4.35,14.06,-0.039,0.057,0.516,8.52,0.67,11.72,1.156,-0.702,-0.739,0,3,UNKNOWN
1854729,2.82,4.35,14.06,-0.039,0.057,0.516,8.09,2.06,9.7,0.663,-0.53,-1.211,0,3,UNKNOWN
1854849,2.83,4.4,14.07,-0.033,0.046,0.518,6.45,3.93,8.23,1.074,1.033,-1.598,0,3,UNKNOWN
1854969,2.81,4.34,14.02,-0.042,0.046,0.518,4.6,5.64,8.33,0.271,1.221,-0.775,0,3,UNKNOWN
1855089,2.85,4.35,14.06,-0.037,0.045,0.518,4.87,5.96,8.68,-0.035,1.945,-0.098,0,3,UNKNOWN
1855209,2.82,4.42,14.03,-0.051,0.028,0.531,5.41,6.09,11.54,-1.089,1.664,-0.496,0,3,UNKNOWN
1855329,3.07,4.23,13.93,0.123,0.101,0.528,3.35,4.8,16.07,-1.313,2.805,0.662,0,3,UNKNOWN
1855449,2.72,6.01,17.36,-3.894,-0.201,0.215,3.27,4.3,18.93,-0.85,0.834,0.392,0,3,UNKNOWN
1855569,2.39,4.77,14.01,-0.729,-0.11,0.488,3.19,4.49,16.09,0.853,0.801,-0.099,0,3,UNKNOWN
1855689,2.96,4.27,13.5,-1.358,0.359,0.52,0.82,5.89,13.78,1.709,0.01,-0.896,0,3,UNKNOWN
1855869,5.6,1.27,5.6,-2.787,-1.617,-0.442,-0.38,6.43,14.6,-0.041,-0.256,-0.493,0,3,UNKNOWN
1855989,3.08,2.3,7.22,2.696,-0.71,0.949,-0.79,6.55,14.1,0.305,-0.119,-0.61,0,3,UNKNOWN
1856109,10.19,3.89,14.71,1.447,-1.689,-2.428,-1.51,7.16,13.53,-0.032,-0.626,-0.738,0,3,UNKNOWN
1856229,8.22,4.23,6.62,0.89,-1.692,-1.774,-1.1,9.69,12.87,-0.572,-0.953,-1.699,0,3,UNKNOWN
1856349,8.36,6.73,7.49,1.667,-1.63,-1.421,-1.94,4.49,16.18,-1.648,-1.196,-1.5,0,3,UNKNOWN
1856469,7.71,8.38,2.7,0.629,-2.126,-0.243,-3.07,3.54,18.32,-0.401,-0.479,-1.255,0,3,UNKNOWN
1856589,6.16,7.26,0.82,0.782,-0.548,-1.351,-3.18,2.94,18.4,-0.074,0.11,-1.137,0,3,UNKNOWN
1856649,6.16,7.26,0.82,0.782,-0.548,-1.351,-3.9,2.8,17.75,0.259,0.056,-1.195,0,3,UNKNOWN
1856664,3.48,7.95,-1.74,0.296,-0.442,-0.582,-4.16,2.67,17.85,0.16,0.145,-1.137,0,3,UNKNOWN
1856709,3.48,7.95,-1.74,0.296,-0.442,-0.582,-4.02,3.15,17.62,0.09,0.329,-1.086,0,3,UNKNOWN
1856829,3.36,8.78,-1.08,0.066,-0.098,-1.116,-5.48,2.92,16.76,0.173,0.27,-1.241,0,3,UNKNOWN
1856949,2.32,11.13,-1.06,0.299,0.316,-1.246,-6.64,1.62,17.19,0.208,0.076,-1.138,0,3,UNKNOWN
1857069,1.29,11.83,-0.99,0.366,0.047,-0.539,-7.32,-0.09,16.65,0.429,0.351,-0.159,0,3,UNKNOWN
1857189,1.6,12.79,0.22,0.134,0.396,-0.028,-7.19,0.85,15.75,0.666,0.275,0.225,0,3,UNKNOWN
1857309,1.56,12.85,-0.7,0.46,-0.771,0.196,-7.31,1.63,15.75,0.537,0.239,0.433,0,3,UNKNOWN
1857429,1.17,11.57,-1.71,-0.132,-0.025,0.503,-6.67,2,16.2,0.535,0.653,0.923,0,3,UNKNOWN
1857549,-0.08,12.33,-2.38,-0.572,0.44,0.573,-7.45,3.41,15.05,0.385,2.031,1.371,0,3,UNKNOWN
1857669,1.24,12.11,0.66,-2.307,1.107,1.402,-6.43,4.91,12.87,0.789,1.571,1.537,0,3,UNKNOWN
1857789,2.81,14.56,3.6,-1.54,1.049,1.564,-4.69,5.85,12.66,1.251,2.728,1.345,0,3,UNKNOWN
1857909,6.05,8.6,5.29,-3.008,1.664,1.199,-0.84,5.92,5.92,2.354,4.4,-0.438,0,3,UNKNOWN
1858029,7.09,10.53,13.23,-0.919,1.634,-0.253,-1.08,4.35,-0.06,-0.184,2.863,-0.861,0,3,UNKNOWN
1858149,5.45,12.12,12.18,-1.151,-0.518,0.48,-0.18,4.51,2.72,1.496,-0.328,1.578,0,3,UNKNOWN
1858329,4.53,10.33,10.25,-0.553,0.87,0.848,2.28,4.92,4.4,-0.472,1.397,-0.24,0,3,UNKNOWN
1858449,5.95,7.87,10.46,-1.563,-0.088,0.939,5.65,3.05,-7.69,-0.985,0.279,-0.276,0,3,UNKNOWN
1858569,6.78,8.179999,11.76,-1.935,-0.596,0.343,5.78,7.7,-0.28,-1.648,-4.331,-1.074,0,3,UNKNOWN
1858749,5.69,6.62,13.54,-0.46,-0.119,0.605,1.1,-1.35,18.32,-4.31,-4.331,-1.655,0,3,UNKNOWN
1858929,4.47,6.53,13.16,-0.495,-0.448,0.286,-1.26,-1.5,18.96,4.024,4.4,0.207,0,3,UNKNOWN
1859038,6.69,7.28,12.4,4.38,-2.359,1.046,-0.59,2.04,8.75,4.421,4.4,1.97,0,4,UNKNOWN
1859158,1.75,5.27,2,4.119,-3.038,0.326,-0.6,3.03,-3.25,-0.205,4.4,2.855,0,4,UNKNOWN
1859338,0.08,4.33,-5.22,0.712,-0.616,1.268,5.09,2.03,13.03,-4.31,-4.331,0.149,0,4,UNKNOWN
1859458,1.9,3.56,1.94,-4.352,4.381,2.278,11.23,-2,18.98,-4.31,-4.331,2.232,0,4,UNKNOWN
1859578,6.69,13.75,20.35,-4.275,3.748,0.505,9.5,-0.64,16.23,1.386,-1.768,-0.509,0,4,UNKNOWN
1859758,4.65,0.83,15.78,3.315,3.282,1.439,10.7,-2.99,13.74,-1.382,-0.788,1.985,0,4,UNKNOWN
1859878,4.46,3.94,15.74,0.889,0.589,2.745,9.45,-4.36,17.48,-0.842,0.618,0.22,0,4,UNKNOWN
1859998,4.46,3.94,15.74,0.889,0.589,2.745,11.16,-1.62,14.56,1.19,0.496,-0.232,0,4,UNKNOWN
1860118,2.07,2.21,11.6,-0.797,-2.686,2.634,10.83,-2.68,15.8,1.814,0.655,-1.231,0,4,UNKNOWN
1860238,1.92,-1.89,7.18,-0.176,-0.233,0.573,9.62,-0.86,14.85,2.944,2.298,-1.854,0,4,UNKNOWN
1860358,4.95,-2.23,10.62,-0.641,0.186,-1.54,8.79,2.23,15.81,4.101,1.685,-2.497,0,4,UNKNOWN
1860478,4.97,2.27,10.76,-1.197,0.015,-2.644,2.61,3.2,11.37,4.044,2.519,-2.072,0,4,UNKNOWN
1860599,7.63,4.95,10.44,0.353,-0.54,-1.365,-0.53,3.35,9.77,1.577,2.669,-1.131,0,4,UNKNOWN
1860720,7.5,9.12,9.5,0.163,-0.909,-1.571,-0.76,3.56,7.16,0.853,0.796,-0.893,0,4,UNKNOWN
1860735,7.5,9.12,9.5,0.163,-0.909,-1.571,-0.76,3.48,6.51,0.774,0.386,-0.771,0,4,UNKNOWN
1860750,4.85,8.19,5.33,1.44,-0.536,0.101,-0.89,4.1,6.12,0.533,0.165,-0.655,0,4,UNKNOWN
1860900,4,6.05,5.57,-0.212,-0.166,1.309,2.48,4.55,0.04,-1.276,-0.033,-0.526,0,4,UNKNOWN
1861020,6.59,11.91,10.82,-0.518,-0.197,2.541,0.23,7.45,10.59,0.096,-0.927,0.066,0,4,UNKNOWN
1861140,6.99,4.74,5.83,-0.642,1.203,1.24,-1.09,7.2,10.18,-0.687,-0.751,0.123,0,4,UNKNOWN
1861260,7.01,4.32,6.3,-1.015,0.42,1.369,-0.54,8.38,9.45,-0.478,0.577,-0.179,0,4,UNKNOWN
1861380,7.23,2.93,7.32,-1.067,1.759,-1.193,-0.93,8.03,10.34,-1.145,0.486,0.142,0,4,UNKNOWN
1861500,7.49,7.54,7.28,1.374,2.425,1.657,-0.57,7.45,12.62,-1.588,0.047,0.063,0,4,UNKNOWN
1861620,5.08,4.61,11.24,-0.136,1.808,1.103,-1.45,6.18,14.1,-1.042,-0.249,-0.295,0,4,UNKNOWN
1861740,4.42,4.96,12.62,-0.152,1.338,0.808,-1.1,5.62,16.22,-0.344,-0.381,0.003,0,4,UNKNOWN
1861860,1.91,3.53,14.51,0.212,0.38,0.423,-1.21,5.95,15.23,-0.003,0.014,-0.032,0,4,UNKNOWN
1861875,1.91,3.53,14.51,0.212,0.38,0.423,-1.16,5.92,15.21,0.041,0.04,-0.002,0,4,UNKNOWN
1861890,2.87,4.18,13.72,-0.155,0.169,0.595,-1.04,5.98,15.06,0.098,0.029,-0.017,0,4,UNKNOWN
1862040,3.62,4.51,13.48,-0.056,0.111,0.558,-1.16,6.28,14.91,0.041,-0.048,0.037,0,4,UNKNOWN
1862160,3.32,3.97,13.64,-0.032,0.147,0.709,-0.98,6.24,14.99,0.078,-0.023,-0.049,0,4,UNKNOWN
1862280,3.5,4.34,13.66,-0.036,0.053,0.509,-1.24,6.13,14.87,0.043,0.012,-0.071,0,4,UNKNOWN
1862460,3.31,4.11,13.82,-0.021,0.055,0.496,-0.96,6.41,14.85,0.112,0.026,-0.001,0,4,UNKNOWN
1862580,3.19,4.31,13.63,0.038,0.014,0.399,-1.2,6.17,14.66,0.056,-0.005,-0.034,0,4,UNKNOWN
1862700,3.2,4.15,13.82,-0.047,0.013,0.475,-1.17,6.5,14.84,0.174,0.006,-0.107,0,4,UNKNOWN
1862880,3.45,4.42,13.67,0.076,-0.102,0.288,-1.11,6.62,14.92,0.501,-0.086,-0.226,0,4,UNKNOWN
1863000,3.34,4.01,14.09,0.088,-0.283,0.047,-1.74,6.66,13.86,1.037,0.132,-0.533,0,4,UNKNOWN
1863120,3.56,4.87,13.57,0.393,-0.649,-0.262,-2.21,6.81,11.82,0.8,0.105,-0.186,0,4,UNKNOWN
1863240,4.73,6.63,12.23,0.256,-0.634,-0.07,-2.24,7.14,11.18,0.799,-0.203,0.076,0,4,UNKNOWN
1863360,5.04,7.07,11.69,0.142,-0.432,0.025,-2.85,6.98,9.42,1.21,-0.918,0.811,0,4,UNKNOWN
1863480,4.22,11.98,14.87,-1.057,1.674,-0.654,-1.08,8.11,9.08,1.261,0.369,-0.085,0,4,UNKNOWN
1863600,4.73,8.47,12.09,-1.322,0.694,1.151,-1.21,7.33,7.86,-0.109,0.378,0.681,0,4,UNKNOWN
1863660,4.73,8.47,12.09,-1.322,0.694,1.151,0.03,8.05,6.63,0.051,0.292,0.675,0,4,UNKNOWN
1863675,4.73,8.47,12.09,-1.322,0.694,1.151,-0.12,8.02,7.01,-0.222,0.415,0.635,0,4,UNKNOWN
1863720,4.05,4.47,12.39,-3.159,0.837,1.182,0.24,8.65,7.55,-0.218,-0.085,0.246,0,4,UNKNOWN
1863840,4.43,7.21,13.57,0.616,0.051,1.21,-0.12,7.74,8.19,-1.07,-0.327,-0.192,0,4,UNKNOWN
1863960,6.1,5.04,11.76,-1.018,-0.699,0.455,-0.56,7.06,10.54,-1.237,-0.65,-0.501,0,4,UNKNOWN
1864020,6.1,5.04,11.76,-1.018,-0.699,0.455,-0.45,7.38,11.36,-1.014,-0.53,-0.394,0,4,UNKNOWN
1864035,6.1,5.04,11.76,-1.018,-0.699,0.455,-0.59,7.38,11.39,-0.957,-0.525,-0.498,0,4,UNKNOWN
1864080,6.25,6,11.9,0.692,-1.35,1.022,-0.91,7.57,11.98,-0.767,-0.703,-0.601,0,4,UNKNOWN
1864200,7.68,2.18,6.57,-0.574,-0.553,-0.203,-1.22,7.63,11.33,-0.662,-0.915,-0.879,0,4,UNKNOWN
1864260,7.68,2.18,6.57,-0.574,-0.553,-0.203,-1.36,5.54,13.1,-2.14,-1.158,-0.287,0,4,UNKNOWN
1864380,8.46,-0.19,10.75,-4.215,1.22,-2.437,3.28,-1.93,25.89,4.421,4.134,0.54,0,4,UNKNOWN
1864505,-2.44,26.53,38.79,3.048,-0.326,0.18,-5.22,8,-1.64,3.395,2.802,-0.154,0,5,UNKNOWN
1864565,-4.1,-6.73,-6.48,4.38,-4.35,0.501,-3.35,6.64,-3.09,0.897,-0.809,-0.843,0,5,UNKNOWN
1864685,4.11,7.55,6.4,-1.933,3.302,-0.551,-2.28,5.94,12.31,-2.174,-0.179,-0.785,0,5,UNKNOWN
1864865,8.99,7.58,10.59,0.422,0.1,0.237,-5.2,6.86,12.1,-1.026,-0.255,-0.849,0,5,UNKNOWN
1864925,8.99,7.58,10.59,0.422,0.1,0.237,-5.78,5.99,12.98,-0.41,-0.786,-0.808,0,5,UNKNOWN
1865045,6.24,9.429999,10.14,0.136,0.1,0.35,-6.66,4.49,14.42,-0.413,-0.15,-0.677,0,5,UNKNOWN
1865105,6.13,8.23,9.26,0.333,0.157,0.575,-7.68,4.73,14.88,-0.259,-0.151,-0.517,0,5,UNKNOWN
1865285,6.73,7.62,8.63,-0.014,0.182,0.534,-7.1,4.42,14.38,0.049,0.888,0.419,0,5,UNKNOWN
1865405,6.04,8.17,9.679999,-0.194,0.26,0.554,-28.68,16.53,5.6,0.814,4.4,3.1,0,5,UNKNOWN
1865465,7.79,6.93,7.41,-1.145,0.197,0.198,11.45,22.24,-49.62,4.421,4.4,-2.208,0,5,UNKNOWN
1865585,10.73,6.6,6.86,-0.949,1.321,0.421,14.27,-9.65,5.72,2.908,4.4,4.379,0,5,UNKNOWN
1865704,1.58,12.52,13.45,-0.378,-4.233,2.095,-2.3,13.08,-0.62,0.734,-2.885,1.388,0,5,UNKNOWN
1865764,1.58,12.52,13.45,-0.378,-4.233,2.095,-3.11,12.33,13.69,-1.622,-2.683,0.197,0,5,UNKNOWN
1865889,6.4,7.6,4.38,-0.449,0.381,-0.155,-3.54,6,8.76,0.376,-0.335,0.077,0,6,UNKNOWN
1865949,6.4,7.6,4.38,-0.449,0.381,-0.155,-2.76,7.59,6.64,0.271,0.126,-0.081,0,6,UNKNOWN
1866069,8.309999,10.17,7.64,0.581,-0.449,-0.084,-3.73,6.53,8.86,0.496,-2.359,-0.692,0,6,UNKNOWN
1866189,7.12,9.13,6.77,0.231,0.429,0.208,-4.96,6.73,7.37,0.227,-0.281,-0.37,0,6,UNKNOWN
1866309,6.63,9.22,5.9,-0.193,0.377,0.806,-3.78,6.51,10.21,-0.327,-1.08,-0.144,0,6,UNKNOWN
1866369,7.13,9.24,6.81,-0.637,0.767,0.853,-5.92,7.12,7.11,-0.229,-0.168,-0.297,0,6,UNKNOWN
1866489,6.72,8.02,6.29,0.489,0.251,0.533,-6.85,6.82,11.81,-1.086,-0.913,0.512,0,6,UNKNOWN
1866549,6.72,8.02,6.29,0.489,0.251,0.533,-4.72,6.74,11.2,-1.067,-0.1,0.995,0,6,UNKNOWN
1866669,5.76,10.2,11.49,-2.28,0.913,1.906,-4.43,6.96,10.52,-0.43,0.232,0.14,0,6,UNKNOWN
1866729,7.24,6.77,9.27,0.755,0.428,1.165,-4.35,6.89,10.64,-0.109,0.059,-0.033,0,6,UNKNOWN
1866849,6.54,7.5,9.55,0.032,0.084,0.608,-4.21,7.12,11.08,-0.444,-0.123,0.257,0,6,UNKNOWN
1866909,6.54,7.5,9.55,0.032,0.084,0.608,-3.59,6.87,11.51,-0.192,-0.006,0.24,0,6,UNKNOWN
1866924,6.5,6.19,10.01,-0.108,0.341,1.041,-3.42,7.09,11.54,-0.107,-0.033,0.179,0,6,UNKNOWN
1866969,6.5,6.19,10.01,-0.108,0.341,1.041,-3.8,7.2,11.24,0.069,-0.053,0.027,0,6,UNKNOWN
1867089,6.69,5.93,9.96,-0.029,0.031,0.549,-3.84,7.32,11.02,0.025,-0.017,0.012,0,6,UNKNOWN
1867149,6.78,6.06,9.79,-0.016,0.05,0.564,-3.58,7.12,10.96,-0.011,0.037,0.056,0,6,UNKNOWN
1867269,6.74,6.13,9.91,-0.032,0.045,0.568,-3.68,7.23,11.16,-0.033,-0.029,-0.018,0,6,UNKNOWN
1867329,6.74,6.13,9.91,-0.032,0.045,0.568,-3.69,7.1,11.27,-0.013,0.039,0.014,0,6,UNKNOWN
1867344,6.74,6.13,9.91,-0.032,0.045,0.568,-3.67,7.09,11.18,0.01,0.016,-0.012,0,6,UNKNOWN
1867389,6.69,5.93,9.969999,0.006,0.101,0.583,-3.85,7.19,11.15,0.008,0.001,0.028,0,6,UNKNOWN
1867509,6.62,5.8,9.91,0.01,0.067,0.566,-3.63,7.11,11.12,0.012,0.025,-0.002,0,6,UNKNOWN
1867629,6.6,5.78,9.95,0.015,0.056,0.526,-3.99,7.09,11.06,0.021,0.004,0.014,0,6,UNKNOWN
1867749,6.67,6.06,9.78,0.002,0.066,0.545,-3.73,7.34,10.99,0.015,0.014,-0.046,0,6,UNKNOWN
1867809,6.67,6.06,9.78,0.002,0.066,0.545,-3.69,7.09,11.13,-0.035,-0.034,0.006,0,6,UNKNOWN
1867929,6.62,6.17,9.94,-0.02,0.088,0.534,-3.76,7.1,11.22,0.022,0.025,0.008,0,6,UNKNOWN
1868049,6.64,6.04,9.98,-0.003,0.046,0.495,-3.75,7.21,11,0.017,0,0,0,6,UNKNOWN
1868109,6.73,6.05,9.83,0.005,0.035,0.502,-3.8,7.13,11.07,-0.004,-0.003,0.001,0,6,UNKNOWN
1868229,6.72,6.04,9.84,-0.032,0.055,0.524,-3.72,7.21,11.08,0.022,0.012,0,0,6,UNKNOWN
1868289,6.72,6.1,9.78,-0.008,0.062,0.508,-3.8,7.09,11.05,0.012,-0.009,-0.003,0,6,UNKNOWN
1868409,6.73,6.03,9.83,-0.04,0.064,0.515,-3.75,7.22,11.11,-0.01,0.004,0.015,0,6,UNKNOWN
1868529,6.68,6.08,9.79,-0.036,0.046,0.512,-3.77,7.16,11.16,0.009,0.004,0.006,0,6,UNKNOWN
1868589,6.68,6.08,9.79,-0.036,0.046,0.512,-3.68,7.15,11.04,0.014,0.001,-0.01,0,6,UNKNOWN
1868769,6.75,6.21,9.8,-0.043,0.047,0.501,-3.69,7.22,11.1,0.026,0.004,-0.013,0,6,UNKNOWN
1868829,6.75,6.21,9.8,-0.043,0.047,0.501,-3.75,7.15,10.94,0.03,0.005,-0.028,0,6,UNKNOWN
1868949,6.87,6.09,9.77,-0.015,0.01,0.453,-3.76,7.14,11.04,0.019,-0.002,-0.018,0,6,UNKNOWN
1869069,6.63,6.14,9.88,-0.059,0.011,0.485,-3.91,7.01,10.97,0.016,0.007,-0.005,0,6,UNKNOWN
1869129,6.59,6.31,9.76,-0.026,0.005,0.446,-3.71,7.09,10.98,0.002,0.028,0.016,0,6,UNKNOWN
1869249,6.87,6.19,9.639999,-0.029,0.045,0.494,-3.85,7.17,10.93,0.028,0.027,-0.02,0,6,UNKNOWN
1869309,6.86,6.39,9.63,-0.014,0.051,0.496,-3.98,7.12,11.05,-0.024,-0.037,-0.004,0,6,UNKNOWN
1869429,6.62,6.13,9.95,-0.022,0.032,0.52,-3.81,7.15,11.25,0.099,-0.028,-0.015,0,6,UNKNOWN
1869489,6.62,6.13,9.95,-0.022,0.032,0.52,-3.84,7.31,11.27,0.645,-0.357,-0.122,0,6,UNKNOWN
1869609,6.86,6.03,9.96,-0.461,-0.457,0.064,-3.57,7.06,10.04,0.814,-0.378,0.007,0,6,UNKNOWN
1869669,6.92,6.31,9.04,-0.488,-0.621,0.263,-3.82,7.29,10.03,0.931,-0.375,0.048,0,6,UNKNOWN
1869789,7.96,6.49,7.65,-0.415,-0.963,-0.284,-5.96,4.93,7.34,1.178,-0.688,-0.173,0,6,UNKNOWN
1869849,7.96,6.49,7.65,-0.415,-0.963,-0.284,-4.8,7.7,11.87,1.367,0.459,0.279,0,6,UNKNOWN
1869969,5.75,7.57,12.26,0.668,-0.787,-0.45,-4.82,6.3,2.46,0.536,-0.279,-0.046,0,6,UNKNOWN
1870029,6.93,4.19,5.22,2.099,-1.627,0.572,-5,6.05,5.74,-1.349,-0.673,0.192,0,6,UNKNOWN
1870149,8.13,3.51,6.47,1.419,0.094,0.503,-3.6,6.83,8.91,-2.205,-0.57,0.762,0,6,UNKNOWN
1870209,8.13,3.51,6.47,1.419,0.094,0.503,-2.71,6.5,11.22,-1.951,-0.568,0.892,0,6,UNKNOWN
1870329,6.04,-0.21,-2.16,-4.352,1.131,2.1,-1.56,7.33,13.32,-0.905,0.048,0.434,0,6,UNKNOWN
1870389,4.45,11.72,9.900001,-2.037,1.667,0.246,-1.31,7.41,13.65,-0.293,0.294,-0.004,0,6,UNKNOWN
1870509,8.42,6.58,10.04,0.081,0.627,0.929,-3.06,7.74,11.21,-0.17,0.143,-0.411,0,6,UNKNOWN
1870629,14.03,2.4,1.78,-3.139,-0.721,-0.18,-3.14,11.09,14.12,-2.127,-1.584,0.583,0,6,UNKNOWN
1870749,0.75,40.17,51.51,4.38,-3.272,2.222,-1.5,0.99,9.27,0.694,3.559,-3.132,0,6,UNKNOWN
1870809,-10.29,22.56,24.88,-4.352,4.381,-0.32,-13.29,-0.47,18.23,0.792,-1.313,-1.381,0,6,UNKNOWN
1870929,17.8,0.79,15.35,-2.643,-1.073,3.931,-4.31,3.97,14.49,0.499,0.815,-0.228,0,6,UNKNOWN
1870989,17.8,0.79,15.35,-2.643,-1.073,3.931,-4.82,5.08,13.23,0.369,0.162,0.581,0,6,UNKNOWN
1871109,8.99,5.86,8,0.204,0.244,0.064,-4.8,7.66,12.29,0.971,0.258,0.121,0,6,UNKNOWN
1871229,6.75,6.8,7.64,0.22,-0.355,-0.294,-4.89,5.93,12.66,0.277,0.112,0.11,1,6,UNKNOWN
1871290,6.51,7.32,9,0.236,-0.083,0.512,-5.39,6.07,12.82,0.357,0.257,0.208,1,6,UNKNOWN
1871350,6.51,7.32,9,0.236,-0.083,0.512,-5,6.3,12.35,0.351,0.327,0.256,1,6,UNKNOWN
1871365,6.51,7.32,9,0.236,-0.083,0.512,-4.85,6.43,12.11,0.36,0.362,0.295,1,6,UNKNOWN
1871410,7.32,7.27,7.64,0.726,-0.497,0.657,-4.6,6.65,11.64,0.266,0.376,0.317,1,6,UNKNOWN
1871530,7.97,6.48,6.04,0.302,-0.398,0.549,-4.38,7.01,11.37,0.28,0.241,0.342,1,6,UNKNOWN
1871590,7.97,6.48,6.04,0.302,-0.398,0.549,-4.08,7.41,11.12,0.234,0.169,0.233,1,6,UNKNOWN
1871710,7.13,7.17,5.91,0.046,-0.091,0.546,-4.1,7.32,10.81,0.04,0.024,0.069,1,6,UNKNOWN
1871725,7.31,6.86,6.46,-0.162,0.103,0.568,-3.99,7.27,10.78,0.006,0.013,0.043,1,6,UNKNOWN
1871740,7.31,6.86,6.46,-0.162,0.103,0.568,-4.06,7.29,10.9,-0.04,-0.017,0.019,1,6,UNKNOWN
1871830,7.31,6.86,6.46,-0.162,0.103,0.568,-3.9,6.95,11.35,0.201,0.048,-0.043,1,6,UNKNOWN
1871950,7.65,8,8.559999,0.262,0.234,0.367,-4.3,6.93,10.93,-0.09,0.063,0.028,1,6,UNKNOWN
1872010,7.65,8,8.559999,0.262,0.234,0.367,-4.14,7.26,10.89,-0.009,-0.006,0.028,1,6,UNKNOWN
1872130,6.7,8.679999,9.51,1.89,1.168,0.773,-4.33,6.95,11.21,-0.099,-0.097,0.047,1,6,UNKNOWN
1872250,7.75,5.59,12.44,2.672,3.31,0.555,-4.22,6.98,11.28,0.027,0.052,0.069,1,6,UNKNOWN
1872370,4.09,9.08,10.88,2.912,3.279,1.255,-4.12,7.12,10.82,0.02,0.001,-0.003,1,6,UNKNOWN
1872430,4.01,9.34,12.86,0.339,1.549,1.412,-4.2,6.93,11.09,-0.006,-0.041,0.011,1,6,UNKNOWN
1872490,4.01,9.34,12.86,0.339,1.549,1.412,-4.12,7,11.15,-0.01,-0.038,0.013,1,6,UNKNOWN
1872505,2.56,8.52,14.62,-0.442,0.955,1.126,-4.16,6.98,11.19,-0.001,-0.03,0.036,1,6,UNKNOWN
1872610,2.56,8.52,14.62,-0.442,0.955,1.126,-4.06,7.1,11.09,-0.01,0.01,0.009,1,6,UNKNOWN
1872730,1.66,9.2,13.07,0.167,0.248,1.533,-4.18,7.09,11.12,-0.001,-0.005,-0.006,1,6,UNKNOWN
1872790,2.91,7.87,13.78,0.004,0.359,0.75,-4,7.15,11.18,-0.005,-0.018,-0.053,1,6,UNKNOWN
1872910,2.58,8.32,14.47,-0.035,0.257,0.357,-4.2,7,11.11,0.007,-0.026,-0.05,1,6,UNKNOWN
1872970,2.06,8.75,14.66,-0.041,0.364,0.288,-4.1,6.97,11.15,0.004,0.014,0.01,1,6,UNKNOWN
1873090,1.45,8.37,14.2,-0.058,0.137,0.51,-4.06,7.03,11,0.021,-0.003,-0.016,1,6,UNKNOWN
1873210,1.88,8.51,15.01,-0.045,0.081,0.468,-4.1,7.08,11.14,-0.019,-0.016,-0.009,1,6,UNKNOWN
1873270,1.88,8.51,15.01,-0.045,0.081,0.468,-4.12,7.07,11.13,0.04,0.006,-0.016,1,6,UNKNOWN
1873390,1.56,8.57,14.41,-0.064,0.066,0.519,-4.22,7.04,10.95,0.007,-0.017,-0.04,1,6,UNKNOWN
1873450,2.03,9.21,15.15,0.418,-0.362,0.622,-4.27,6.97,11.13,-0.001,-0.019,-0.004,1,6,UNKNOWN
1873630,2.2,8.57,15.27,-0.353,0.71,0.437,-4.27,7.07,10.96,0.001,-0.014,-0.009,1,6,UNKNOWN
1873690,2.29,8.67,15.29,0.206,-0.687,0.712,-4.21,6.98,11.18,-0.024,-0.054,-0.001,1,6,UNKNOWN
1873810,2.49,8.77,14.92,0.102,-0.435,0.415,-4.13,7.08,11.16,0.007,0.033,0.028,1,6,UNKNOWN
1873870,2.49,8.77,14.92,0.102,-0.435,0.415,-4.24,7.08,11,0.02,0,0.013,1,6,UNKNOWN
1873930,2.45,8.69,13.8,-0.082,-0.186,0.433,-4.12,7.04,11.2,-0.004,-0.002,0.012,1,6,UNKNOWN
1873945,2.45,8.69,13.8,-0.082,-0.186,0.433,-4.06,7.07,11.2,0.011,-0.02,0.002,1,6,UNKNOWN
1874050,2.48,8.92,14.5,-0.164,-0.195,0.444,-4.23,6.94,11.06,0.025,0.002,-0.017,1,6,UNKNOWN
1874170,2.92,8.6,14.39,-0.124,-0.215,0.398,-4.29,7.11,10.96,0.031,-0.008,-0.002,1,6,UNKNOWN
1874230,3.38,8.679999,14.51,0.314,-0.694,0.277,-4.18,7.18,11.09,0.05,-0.053,-0.028,1,6,UNKNOWN
1874350,4.24,8.41,13.25,0.167,-1.384,0.194,-4.15,7.45,10.89,0.081,-0.136,-0.165,1,6,UNKNOWN
1874410,4.24,8.41,13.25,0.167,-1.384,0.194,-4.06,7.68,10.02,0.108,-0.263,-0.361,1,6,UNKNOWN
1874530,5.12,7.96,10.48,-3.104,-3.057,0.666,-4.27,6.87,10.72,-0.416,-0.668,-0.373,1,6,UNKNOWN
1874590,7.29,7.57,9.62,-2.041,-1.663,0.324,-4.14,6.41,12.11,-0.527,-0.573,-0.231,1,6,UNKNOWN
1874710,9.23,7.52,10.33,-0.502,-1.449,-0.199,-4.21,5.43,14.72,-0.09,-0.188,-0.119,1,6,UNKNOWN
1874770,9.23,7.52,10.33,-0.502,-1.449,-0.199,-6.32,6.66,14.09,0.404,0.435,0.117,1,6,UNKNOWN
1874890,6.48,6.89,5.86,1.201,-1.622,-0.723,-7.26,9.59,8.28,1.652,0.607,-1.506,1,6,UNKNOWN
1875010,1.63,6.77,-1.75,-2.698,0.585,0.537,-3.93,1.98,12.98,-0.837,-1.261,-1.25,1,6,UNKNOWN
1875070,7.65,4.94,11.31,-4.352,1.84,0.44,-3.46,-1.6,15.77,-0.163,-0.611,-1,1,6,UNKNOWN
1875190,10.8,12.61,23.56,0.112,1.139,-0.432,-6.26,3.2,12.22,-0.112,1.811,2.535,1,6,UNKNOWN
1875310,6.69,7.78,8.63,3.542,-1.903,-0.799,-9.8,17.1,-0.98,1.128,-0.168,-1.398,1,6,UNKNOWN
1875370,-0.04,7.3,-4.38,1.022,-0.922,-0.884,-3.88,4.89,9.63,-1.11,-0.955,-2.68,1,6,UNKNOWN
1875550,1.85,9.79,9.38,-2.06,0.308,1.742,-17.05,11.4,3.48,2.202,0.942,0.977,1,6,UNKNOWN
1875610,16.87,18.59,16.39,1.11,-0.221,0.233,-9.18,12.13,10.6,-0.852,-1.277,-0.326,1,6,UNKNOWN
1875730,3.57,4.43,-2.6,1.277,-0.765,-0.789,-3.43,-7.42,10.66,-0.613,0.447,-0.959,1,6,UNKNOWN
1875790,3.57,4.43,-2.6,1.277,-0.765,-0.789,-6.82,-3.55,9.61,-0.988,0.325,2.538,1,6,UNKNOWN
1875805,-4.65,11.5,2.36,-1.894,-0.021,1.588,-9.68,0.24,8.46,-0.42,0.584,2.91,1,6,UNKNOWN
1875850,-4.65,11.5,2.36,-1.894,-0.021,1.588,-16.14,14.43,4.36,1.048,0.494,2.184,1,6,UNKNOWN
1875970,21.7,17.24,13.74,0.501,-0.961,0.852,-2.88,5.49,11.33,-0.764,-0.717,-1.963,1,6,UNKNOWN
1876030,21.7,17.24,13.74,0.501,-0.961,0.852,-3.46,-3.1,11.51,0.912,0.098,-2.326,1,6,UNKNOWN
1876150,-1.06,9.54,4.01,0.526,-0.252,-2.341,-9.95,-0.49,11.2,-0.763,0.362,2.772,1,6,UNKNOWN
1876210,-5.3,9.87,1.81,-1.067,0.053,1.954,-12.19,17.47,5.07,1.466,0.315,1.313,1,6,UNKNOWN
1876330,23.06,15.42,16.35,0.227,-0.417,1.967,-5.06,1.87,11.78,-1.013,-0.843,-2.43,1,6,UNKNOWN
1876390,1.72,11.44,4.65,1.496,-0.287,-2.406,-4.38,-5.23,13.29,-0.054,-0.125,-1.849,1,6,UNKNOWN
1876570,-6.02,7.93,-1.31,-0.059,-0.063,1.142,-11.07,21.05,6.49,1.214,0.562,1.313,1,6,UNKNOWN
1876630,14.6,15.6,11.36,-1.777,1.823,2.831,-11.17,9.56,5.51,0.611,0.256,-2.409,1,6,UNKNOWN
1876750,6.68,12.81,9.26,1.538,-1.851,-1.617,-5.64,-4.67,11.84,0.276,-0.733,-0.684,1,6,UNKNOWN
1876810,6.68,12.81,9.26,1.538,-1.851,-1.617,-4.7,-4.53,13.9,-0.794,-0.478,1.368,1,6,UNKNOWN
1876930,-5.84,7.18,-1.46,0.897,-0.313,-0.425,-10.37,16.44,9.05,0.769,2.126,2.443,1,6,UNKNOWN
1876990,1.48,12.34,2.72,-3.275,2.221,3.877,-12.22,14.01,2.12,1.14,0.522,-1.444,1,6,UNKNOWN
1877096,17.55,12.1,13.27,-1.734,-0.345,-0.648,-6.52,-0.79,11.51,-0.398,-0.994,-1.215,1,6,UNKNOWN
1877111,17.55,12.1,13.27,-1.734,-0.345,-0.648,-5.86,-1.46,12.21,-0.464,-0.986,-0.953,1,6,UNKNOWN
1877126,17.55,12.1,13.27,-1.734,-0.345,-0.648,-5.24,-1.65,12.95,-0.507,-0.867,-0.614,1,6,UNKNOWN
1877216,2.22,11.32,8.12,3.132,-2.073,-1.54,-3.39,-2.06,13.57,-0.884,0.837,1.884,1,6,UNKNOWN
1877336,-6.95,6.9,-3.65,0.523,0.93,0.406,-12.96,17.41,-1.31,2.127,0.369,-0.958,1,6,UNKNOWN
1877351,-6.95,6.9,-3.65,0.523,0.93,0.406,-13.37,15.57,-1.79,1.277,-0.691,-1.193,1,6,UNKNOWN
1877516,17.34,17.51,21.36,0.137,0.595,-1.392,-3.53,-1.94,16.3,0.452,-0.474,-0.696,1,6,UNKNOWN
1877576,17.34,17.51,21.36,0.137,0.595,-1.392,-4.38,-2.73,14.79,0.291,1.314,1.2,1,6,UNKNOWN
1877696,4.82,11.27,5.84,2.822,0.26,-1.551,-9.35,14.56,3.84,0.745,1.553,1.642,1,6,UNKNOWN
1877711,4.82,11.27,5.84,2.822,0.26,-1.551,-9.77,16.3,2.04,1.437,1.279,0.855,1,6,UNKNOWN
1877876,-4.43,6.23,-3.21,-2.179,0.934,1.894,-4.4,-0.13,13.37,-0.462,-1.588,-1.328,1,6,UNKNOWN
1877892,-4.43,6.23,-3.21,-2.179,0.934,1.894,-4.24,-0.94,13.81,-0.33,-1.436,-1.111,1,6,UNKNOWN
1878057,12.43,4.51,20.29,-4.352,3.359,4.029,-6.49,12.73,4.93,0.567,1.646,1.217,1,6,UNKNOWN
1878237,-7.83,-0.42,-15.15,-2.793,0.326,1.139,-7.43,3.31,12.04,-0.501,-0.909,-0.601,1,6,UNKNOWN
1878357,26.59,44.01,52.79,-2.009,4.381,1.754,-11.06,8.18,10.59,-0.183,0.406,-0.064,1,6,UNKNOWN
1878417,26.59,44.01,52.79,-2.009,4.381,1.754,-5.61,10.51,12.75,-0.595,-1.796,-1.279,1,6,UNKNOWN
1878537,-9.94,3.91,27.35,-4.352,1.751,0.493,-14.59,-4.1,8.19,0.905,0.304,-0.595,1,6,UNKNOWN
1878657,3.7,8.32,22.46,1.875,-2.731,0.854,-9.18,2.79,11.43,-0.424,-0.332,1.002,1,6,UNKNOWN
1878718,3.7,8.32,22.46,1.875,-2.731,0.854,-8.55,3.94,12.19,0.04,0.222,1.161,1,6,UNKNOWN
1878839,6.38,7.16,18.22,0.04,-0.179,-0.69,-8.46,4.31,12.51,0.073,0.007,0.362,2,6,UNKNOWN
1878900,2.56,8.12,11.9,0.845,-1.174,0.301,-8.02,5.16,9.83,-0.003,0.101,0.593,2,6,UNKNOWN
1879020,4.01,8.17,12.1,0.206,-0.86,0.407,-6.57,6.24,10.16,-0.137,0.175,0.379,2,6,UNKNOWN
1879035,4.01,8.17,12.1,0.206,-0.86,0.407,-6.83,6.23,11.02,0.013,0.234,0.336,2,6,UNKNOWN
1879050,4.01,8.17,12.1,0.206,-0.86,0.407,-7.26,5.69,11.36,0.196,0.092,0.287,2,6,UNKNOWN
1879140,4.57,8.09,10.45,0.648,-0.589,0.321,-7.12,5.22,10.36,-0.168,0.283,0.317,2,6,UNKNOWN
1879260,5.85,8.1,10.71,0.25,-0.324,0.446,-6.7,6.32,9.44,-0.125,0.332,0.273,2,6,UNKNOWN
1879440,5.67,8.26,10.32,0.156,-0.029,0.544,-6.64,5.68,10.19,0.079,-0.106,0.065,2,6,UNKNOWN
1879620,6.28,8.34,9.3,0.364,-0.366,0.437,-6.18,4.19,11.66,1.2,-0.53,0.767,2,6,UNKNOWN
1879800,6.11,10.25,9.03,0.584,-1.194,-0.419,-5.82,6.92,8.23,1.109,-0.588,-0.467,2,6,UNKNOWN
1879980,5.88,10.9,6.58,0.585,-0.474,1.104,-5.4,5.43,7.65,0.566,-0.245,-0.273,2,6,UNKNOWN
1880220,6.23,9.65,6.27,-0.159,0.456,1.003,-5.51,6.64,9.7,-0.236,-0.256,0.211,2,6,UNKNOWN
1880340,6.03,6.64,6.78,-1.042,-0.256,0.621,-5.77,6.59,9.61,-0.23,0.039,0.156,2,6,UNKNOWN
1880520,6.94,8.400001,8.34,-0.227,0.304,1.178,-5.16,6.46,10.49,-0.402,-0.22,0.246,2,6,UNKNOWN
1880760,6.79,6.45,9.07,0.101,0.109,0.412,-5.4,6.6,10.27,0.097,0.187,0.007,2,6,UNKNOWN
1880940,7.17,7.25,8.6,-0.13,0.105,0.492,-5.57,6.45,10.6,-0.101,-0.012,0.044,2,6,UNKNOWN
1881120,6.88,7.11,8.94,-0.066,0.028,0.462,-5.25,6.71,10.42,0.094,0.047,0.016,2,6,UNKNOWN
1881300,7.35,6.99,8.42,-0.088,-0.114,0.324,-5.36,6.47,10.56,0.215,-0.004,0.02,2,6,UNKNOWN
1881480,7.07,7.11,8.25,-0.168,-0.326,0.147,-5.23,6.62,9.39,0.991,-0.081,-0.043,2,6,UNKNOWN
1881660,7.69,6.3,8.87,-0.725,-0.197,0.883,-4.01,6.53,9.24,0.789,-0.348,-0.216,2,6,UNKNOWN
1881840,7.97,6.75,7.97,-1.105,-0.918,-0.601,-5.4,6.28,6.74,0.05,0.256,0.297,2,6,UNKNOWN
1882020,7.94,9.98,4.54,1.991,-1.241,1.374,-5.3,6.69,7.29,-1.441,-0.427,0.419,2,6,UNKNOWN
1882200,4.24,-3.01,-1.68,-0.017,0.336,4.13,-3.65,6.29,12.07,-1.276,-0.392,0.682,2,6,UNKNOWN
1882380,3.65,0.61,1.29,-0.92,3.527,-1.498,-3.81,6.95,12.87,-0.291,-0.141,-0.212,2,6,UNKNOWN
1882560,-2.39,-110.9,-73.12,-2.491,0.642,-2.876,0.26,4.83,10.89,0.005,1.138,-1.815,2,6,UNKNOWN
1882740,7.65,16.84,111.47,-0.895,-1.935,1.536,-3.68,8.45,14.91,-0.923,0.277,0.483,2,6,UNKNOWN
1882920,1.66,-1.73,28.51,-4.352,0.059,-0.735,-4.62,4.18,18.37,-0.465,-0.821,0.68,3,6,UNKNOWN
1883102,2.03,13.78,19.33,2.892,-0.82,-1.812,-4.75,6.09,11.02,1.396,2.135,-0.324,3,6,UNKNOWN
1883282,3.44,10.9,4.58,1.541,-0.52,-1.132,-5.46,6.2,10.65,0.136,0.311,0.611,3,6,UNKNOWN
1883462,7.51,8.179999,7.38,0.809,-0.567,1.128,-5.43,6.74,8.53,0.26,0.292,0.305,3,6,UNKNOWN
1883703,8.24,6.8,5.56,1.311,-0.798,-0.428,-3.73,7.84,11.54,0.024,-0.729,0.46,3,6,UNKNOWN
1883823,9.44,9.62,7.51,-0.126,0.451,0.471,-4.43,7.28,10.54,-0.327,-0.085,0.35,3,6,UNKNOWN
1884003,8.15,7.82,6.56,0.092,0.242,0.631,-3.24,7.12,11.28,-0.468,-0.127,0.122,3,6,UNKNOWN
1884183,7.38,6.42,7.93,0.063,0.215,0.543,-3.86,6.98,11.57,-0.002,0.036,0.059,3,6,UNKNOWN
1884423,7.33,7.27,8.24,-0.023,0.069,0.486,-3.82,6.92,11.55,-0.103,-0.028,-0.005,3,6,UNKNOWN
1884543,6.99,6.74,8.28,-0.041,0.131,0.775,-3.5,7.16,11.62,-0.048,0.007,0.081,3,6,UNKNOWN
1884723,7.25,6.82,8.179999,-0.077,0.107,0.557,-3.45,7.12,11.7,-0.028,-0.024,0.066,3,6,UNKNOWN
1884843,7.18,6.7,8.52,-0.072,0.072,0.572,-3.35,7.07,11.82,-0.077,-0.06,0.046,3,6,UNKNOWN
1884963,7.2,6.34,8.37,-0.048,0.057,0.534,-3.31,7.14,11.83,-0.029,-0.016,0.036,3,6,UNKNOWN
1885083,7.32,6.44,8.28,-0.043,0.008,0.506,-3.45,7.19,11.79,0.024,-0.016,-0.021,3,6,UNKNOWN
1885263,7.29,6.66,8.139999,-0.077,0.051,0.452,-3.47,6.96,11.86,-0.041,0.004,0.042,3,6,UNKNOWN
1885383,7.18,6.79,8.38,-0.021,0.036,0.543,-3.45,7.29,11.64,0.028,0.024,-0.029,3,6,UNKNOWN
1885563,7.18,6.51,8.21,-0.041,0.06,0.535,-3.6,7.06,11.79,0.014,0.018,-0.001,3,6,UNKNOWN
1885683,7.23,6.62,8.19,-0.006,0.033,0.515,-3.45,7.2,11.74,0.021,0.001,0.014,3,6,UNKNOWN
1885803,7.29,6.5,8.04,-0.048,0.049,0.504,-3.45,7.15,11.75,0.001,-0.02,-0.021,3,6,UNKNOWN
1885923,7.35,6.58,8.19,-0.052,0.061,0.506,-3.54,7.02,11.73,0.026,0.002,-0.039,3,6,UNKNOWN
1886043,7.18,6.71,8.3,-0.045,0.063,0.467,-3.52,7.2,11.75,0.012,0.005,-0.005,3,6,UNKNOWN
1886223,7.23,6.63,8.26,-0.036,0.058,0.535,-3.45,7.18,11.72,0.019,0.014,0.004,3,6,UNKNOWN
1886343,7.29,6.79,8.29,-0.048,0.048,0.484,-3.48,7.21,11.77,0.002,-0.016,-0.006,3,6,UNKNOWN
1886463,7.25,6.58,8.29,-0.048,0.066,0.483,-3.59,7.1,11.71,0.017,0.008,-0.008,3,6,UNKNOWN
1886643,7.26,6.64,8.13,-0.031,0.054,0.502,-3.66,7.04,11.75,0.026,0.012,-0.015,3,6,UNKNOWN
1886763,7.3,6.78,8.25,-0.033,0.059,0.505,-3.6,7.09,11.74,0.006,0.008,-0.009,3,6,UNKNOWN
1886883,7.32,6.75,8.27,-0.037,0.066,0.502,-3.53,7.1,11.9,0.014,0.03,-0.016,3,6,UNKNOWN
1887003,7.35,6.76,7.98,0.005,0.032,0.336,-3.89,7.13,11.45,0.083,0.087,-0.091,3,6,UNKNOWN
1887123,7.15,7.23,8.09,-0.023,0.052,0.44,-3.85,7.1,11.42,-0.022,-0.008,0.003,3,6,UNKNOWN
1887243,7.37,6.9,8.3,-0.058,0.063,0.517,-3.58,7.08,11.73,0.011,0.028,-0.059,3,6,UNKNOWN
1887363,6.85,6.83,8.45,0.039,0.049,0.428,-3.95,6.98,11.56,0.246,0.101,-0.107,3,6,UNKNOWN
1887483,7.32,6.91,8.1,0.073,-0.08,0.278,-3.91,7.18,11.33,0.346,0.215,-0.163,3,6,UNKNOWN
1887663,7.45,7.43,7.73,0.065,-0.183,0.036,-4.48,6.98,9.86,0.522,-0.028,-0.132,3,6,UNKNOWN
1887783,7.24,8.62,7.64,-0.259,-0.25,-0.142,-4.16,7.03,10.49,0.174,-0.15,0.496,3,6,UNKNOWN
1887903,8.2,6.78,7.28,-0.71,-1.348,1.134,-3.45,7.72,10.3,0.249,-0.008,0.251,3,6,UNKNOWN
1888023,10.3,6.99,8.08,2.841,-1.103,-0.244,-3.82,7.71,8.58,-0.198,-0.392,-0.337,3,6,UNKNOWN
1888143,5.71,8.52,0.28,1.674,3.653,0.25,-4.45,6.73,10.21,-0.833,-0.873,0.126,3,6,UNKNOWN
1888263,11.78,8.22,2.16,0.851,0.461,0.517,-2.87,6.87,12.97,-0.598,-0.445,0.393,3,6,UNKNOWN
1888443,1.47,-7.26,-6.25,0.532,-3.37,0.711,-3.33,7.44,12.34,-0.056,0.078,-0.463,3,6,UNKNOWN
1888563,-3.23,12.77,31.1,-4.352,4.381,1.293,-3.3,9,14.47,-0.556,-0.31,0.34,3,6,UNKNOWN
1888683,9.469999,-54.12,17.01,4.38,-3.48,4.876,-8.7,3.36,11.73,1.166,-0.584,-2.15,3,6,UNKNOWN
1888803,-16.66,11.22,17.26,-4.352,3.581,1.624,-2.38,6.53,16.44,-0.017,0.006,-0.172,3,6,UNKNOWN
1888923,15.34,0.39,37.05,-0.334,1.833,2.301,-1.11,7.53,15.78,-1.556,-0.269,0.96,3,6,UNKNOWN
1889105,-3.26,6.85,34.97,-4.352,3.319,-0.572,-1.98,3.51,18.36,0.449,0.136,0.079,4,6,UNKNOWN
1889227,2.34,10.6,16.24,1.485,-2.105,-0.29,-4.47,5.64,14.6,0.815,1.787,0.669,4,6,UNKNOWN
1889347,4.47,9.559999,10.95,1.014,-0.513,0.132,-5.03,6.1,11.06,0.127,1.485,0.878,4,6,UNKNOWN
1889527,6.51,8.51,6.42,0.287,-0.105,0.201,-5.59,6.88,9.58,0.052,0.247,0.393,4,6,UNKNOWN
1889707,7.03,11.27,9.76,0.167,-0.158,0.752,-4.39,7.6,10.6,0.16,0.455,-0.206,4,6,UNKNOWN
1889827,7.61,7.65,7.02,0.348,0.643,0.84,-4.58,7.2,10.88,-0.059,-0.682,0.036,4,6,UNKNOWN
1889947,7.29,8.38,8.22,-0.182,-0.61,1.061,-3.68,7.09,11.73,0.008,0.016,-0.038,4,6,UNKNOWN
1890127,7.31,8.429999,7.59,0.014,0.003,0.434,-4.14,6.92,11.16,-0.034,0.05,0.06,4,6,UNKNOWN
1890187,7.31,8.429999,7.59,0.014,0.003,0.434,-4.11,6.96,11.28,0.014,0.026,0.015,4,6,UNKNOWN
1890307,7.19,8.639999,7.28,-0.131,-0.122,0.677,-4.32,6.96,11.28,-0.076,-0.077,0.019,4,6,UNKNOWN
1890487,8.04,9.179999,8.63,-1.625,0.693,-0.943,-4.27,7.21,10.73,-0.155,-0.472,0.274,4,6,UNKNOWN
1890547,7.18,10,7.07,-0.521,-0.161,1.281,-3.71,7.37,11.95,-0.742,-0.351,0.502,4,6,UNKNOWN
1890667,7.04,7.26,8.86,-0.183,0.154,0.899,-3.41,6.87,12.84,-0.176,-0.017,0.024,4,6,UNKNOWN
1890787,6.67,7.7,9,-0.091,0.174,0.567,-3.35,6.64,12.81,0.04,0.028,0.035,4,6,UNKNOWN
1890967,7.16,8.41,8.7,-0.048,0.072,0.586,-3.44,6.85,12.58,0.02,-0.051,0.031,4,6,UNKNOWN
1891087,7.04,8.02,8.639999,-0.082,0.04,0.544,-3.35,6.91,12.66,-0.014,-0.042,0.1,4,6,UNKNOWN
1891207,6.97,7.92,8.809999,-0.073,0.044,0.599,-3.18,6.99,12.76,0.037,-0.017,0.037,4,6,UNKNOWN
1891267,7.01,7.53,8.76,-0.072,0.045,0.495,-3.43,6.91,12.76,-0.006,-0.028,0.029,4,6,UNKNOWN
1891387,6.99,7.47,8.62,0.002,0.045,0.589,-3.18,7.05,12.72,-0.001,-0.025,0.037,4,6,UNKNOWN
1891507,7.16,7.5,8.63,-0.035,0.066,0.543,-3.14,6.92,12.71,0.023,0.009,0.026,4,6,UNKNOWN
1891627,7.15,7.62,8.44,-0.055,0.07,0.473,-3.08,7.01,12.61,0.011,0.021,0.021,4,6,UNKNOWN
1891807,7.04,7.8,8.809999,-0.047,0.046,0.502,-3.12,7.01,12.57,0.02,0.025,0.018,4,6,UNKNOWN
1891927,6.98,7.88,8.75,-0.004,0.051,0.525,-3.19,7.03,12.63,0.013,-0.009,-0.025,4,6,UNKNOWN
1891987,6.98,7.88,8.75,-0.004,0.051,0.525,-3.27,6.94,12.54,0.002,0.015,-0.001,4,6,UNKNOWN
1892107,7,7.96,8.76,-0.018,0.06,0.541,-3.25,7,12.59,0.011,0.011,0.019,4,6,UNKNOWN
1892227,7.06,7.93,8.78,-0.017,0.041,0.532,-3.22,6.89,12.54,0.02,0.013,0.03,4,6,UNKNOWN
1892347,6.92,7.9,8.69,-0.008,0.042,0.519,-3.13,6.98,12.46,0.011,0.022,0.012,4,6,UNKNOWN
1892527,7.06,7.98,8.62,-0.042,0.071,0.468,-3.14,6.9,12.59,0.031,0.02,-0.02,4,6,UNKNOWN
1892647,6.94,8.059999,8.78,-0.046,0.054,0.462,-3.18,6.98,12.63,0.058,0.002,-0.008,4,6,UNKNOWN
1892707,7.13,7.96,8.65,-0.011,0.035,0.486,-3.16,7.03,12.5,0.027,0.005,-0.012,4,6,UNKNOWN
1892947,6.86,7.71,8.87,0.012,-0.017,0.367,-3.42,6.87,12.48,0.251,0.068,-0.094,4,6,UNKNOWN
1893067,6.95,7.7,8.44,0.183,-0.136,0.305,-3.07,7.17,12.14,0.449,0.251,-0.105,4,6,UNKNOWN
1893187,7.14,9.03,8,0.129,-0.108,-0.126,-3.7,7.3,10.7,0.511,0.265,-0.125,4,6,UNKNOWN
1893307,5.82,9.28,10.11,-0.434,2.353,1.539,-3.36,7.64,11.48,0.532,-0.268,-0.001,4,6,UNKNOWN
1893427,5.01,7.48,10.71,-0.299,-0.503,-0.352,-3.61,7.32,10.8,0.015,0.185,0.085,4,6,UNKNOWN
1893607,6.64,10.11,10.22,0.123,0.664,1.106,-3.14,7.06,10.67,-0.041,0.076,0.084,4,6,UNKNOWN
1893727,7.65,7.18,10.19,0.54,-1.758,1.113,-3.81,7.55,9.55,-0.454,-0.399,0.19,4,6,UNKNOWN
1893907,8.98,5.97,9.37,1.346,-0.527,2.261,-2.2,6.82,13.36,-0.655,-0.365,0.338,4,6,UNKNOWN
1894027,6.73,-0.15,-2.49,-1.596,2.028,0.621,-1.7,6.63,13.86,-0.364,0.043,0.244,4,6,UNKNOWN
1894147,3.71,8.73,8.7,-2.277,2.686,0.526,-2.56,6.66,13.53,-0.032,0.815,0.038,4,6,UNKNOWN
1894267,4.94,28.39,54.22,4.257,-4.35,2.977,11.11,8.91,21.34,0.886,2.671,2.8,4,6,UNKNOWN
1894377,-30.51,-18.78,-33.05,-4.352,-1.511,-3.855,-11.74,9.93,-11.81,3.693,2.554,3.094,4,7,UNKNOWN
1894437,1.14,8.83,27.34,-4.352,-0.286,0.804,-18.28,12.04,-45.52,0.352,-4.331,4.379,4,7,UNKNOWN
1894618,12.91,-2.54,2.55,0.375,0.387,1.43,-0.99,-3.3,-11.4,-0.554,1.85,-2.269,4,7,UNKNOWN
1894858,9.54,4.47,8.82,2.228,2.078,-0.255,-2,7.31,6.79,-0.907,1.223,-1.383,5,7,UNKNOWN
1894978,5.54,7.06,12.31,0.012,-1.886,-0.81,-4.54,5.32,-0.1,-0.662,-1.934,-0.815,5,7,UNKNOWN
1895098,6.71,3.79,9.29,2.282,0.14,0.217,-3.87,6.21,7.21,-0.126,-0.953,-0.929,5,7,UNKNOWN
1895218,5.47,10.55,7.41,2.26,0.721,1.072,-4.65,6.47,9.19,-1.252,-1.507,0.622,5,7,UNKNOWN
1895398,6.92,9,10.32,0.362,0.184,0.12,-4.49,7.58,10.28,-0.464,-0.084,0.305,5,7,UNKNOWN
1895458,7.46,8.55,5.76,-0.555,-0.028,1.171,-4.01,7.42,9.96,-0.762,0.055,0.237,5,7,UNKNOWN
1895578,5.68,8.51,8.78,-0.793,0.757,0.794,-3.53,6.71,11.09,-0.273,-0.207,0.132,5,7,UNKNOWN
1895759,5.9,9.24,11.04,-0.55,0.411,0.768,-3.65,7.17,12.46,-0.332,-0.313,0.219,5,7,UNKNOWN
1895819,5.81,8.67,11.85,-0.168,0.234,0.921,-2.77,6.86,12.24,-0.521,-0.258,0.261,5,7,UNKNOWN
1895939,5.17,6.93,11.42,-0.318,0.264,0.926,-2.61,6.93,12.95,-0.119,-0.179,0.185,5,7,UNKNOWN
1896119,6.2,7.04,11.41,-0.192,0.091,0.634,-2.23,7.1,13.04,-0.111,-0.046,0.074,5,7,UNKNOWN
1896179,5.87,6.93,11.6,-0.09,0.186,0.651,-2.06,7.18,12.77,0.083,0.047,0.01,5,7,UNKNOWN
1896299,5.93,7.21,11.58,-0.019,0.065,0.496,-2.3,7.18,12.63,0.029,0.005,-0.085,5,7,UNKNOWN
1896419,5.63,7.52,11.47,0.02,0.067,0.532,-2.37,7.15,12.68,0.019,-0.041,0.011,5,7,UNKNOWN
1896539,5.84,7.36,11.46,-0.045,0.024,0.603,-2.26,7.2,12.8,-0.015,-0.027,-0.028,5,7,UNKNOWN
1896659,5.78,7.17,11.52,-0.005,0.048,0.541,-2.24,7.17,12.64,-0.016,-0.018,0.001,5,7,UNKNOWN
1896839,5.84,7.11,11.45,-0.037,0.076,0.513,-2.28,7.07,12.66,0.027,0.031,-0.013,5,7,UNKNOWN
1896899,5.84,7.11,11.45,-0.037,0.076,0.513,-2.32,7.1,12.67,-0.021,-0.038,-0.063,5,7,UNKNOWN
1897139,5.96,7.25,11.59,-0.06,0.074,0.519,-2.37,7.2,12.64,-0.009,-0.018,-0.011,5,7,UNKNOWN
1897199,5.9,7.43,11.35,-0.049,0.08,0.506,-2.25,7.08,12.58,0.013,0.026,0.008,5,7,UNKNOWN
1897319,5.91,7.21,11.45,-0.071,0.071,0.55,-2.27,7.04,12.73,0.018,0.015,0.034,5,7,UNKNOWN
1897559,5.79,7.15,11.32,-0.048,0.073,0.54,-2.17,7.15,12.65,0.005,-0.002,-0.018,5,7,UNKNOWN
1897679,5.75,7.39,11.46,-0.029,0.074,0.473,-2.18,7.18,12.67,0.024,-0.031,-0.004,5,7,UNKNOWN
1897799,5.86,7.24,11.56,-0.022,0.076,0.522,-2.24,7.19,12.6,-0.014,-0.01,0.002,5,7,UNKNOWN
1897919,5.82,7.3,11.41,-0.033,0.067,0.527,-2.21,7.16,12.73,-0.001,0.001,-0.014,5,7,UNKNOWN
1898100,5.81,7.5,11.41,-0.041,0.075,0.491,-2.29,7.07,12.72,-0.008,0.009,0.028,5,7,UNKNOWN
1898160,5.81,7.5,11.41,-0.041,0.075,0.491,-2.38,7.12,12.72,0.002,-0.017,-0.035,5,7,UNKNOWN
1898280,5.76,7.46,11.48,-0.038,0.075,0.483,-2.28,7.13,12.77,0.016,-0.005,-0.018,5,7,UNKNOWN
1898460,5.96,6.8,11.42,-0.056,0.063,0.531,-2.41,7.13,12.44,0.02,-0.007,-0.006,5,7,UNKNOWN
1898520,5.96,6.8,11.42,-0.056,0.063,0.531,-2.32,7.14,12.71,-0.016,-0.013,-0.025,5,7,UNKNOWN
1898640,5.91,7.22,11.44,-0.066,0.086,0.532,-2.32,7.08,12.75,0.049,0.02,-0.008,5,7,UNKNOWN
1898760,5.73,7.29,11.52,-0.02,0.036,0.488,-2.42,7.14,12.63,0.057,0.021,0,5,7,UNKNOWN
1898880,5.84,7.39,11.39,0.007,0.006,0.456,-2.34,7.18,12.45,0.078,0.036,-0.027,5,7,UNKNOWN
1899060,5.81,7.5,11.29,0.006,-0.011,0.499,-2.45,7.13,12.37,0.096,0.041,-0.009,5,7,UNKNOWN
1899240,5.93,7.56,11.32,0.111,-0.128,0.294,-2.6,7.29,12.05,0.237,0.071,-0.19,5,7,UNKNOWN
1899300,5.93,7.56,11.32,0.111,-0.128,0.294,-2.8,7.19,11.79,0.164,0.09,-0.086,5,7,UNKNOWN
1899480,6.03,7.96,10.91,0.033,-0.029,0.466,-2.87,7.24,11.89,0.172,0.015,-0.14,5,7,UNKNOWN
1899600,6.15,8.24,10.61,0.09,-0.075,0.302,-3.19,7.17,11.56,0.229,0.075,-0.117,5,7,UNKNOWN
1899780,6.04,8.49,10.45,0.107,-0.096,0.358,-3.15,7.32,11.27,0.237,-0.01,0.014,5,7,UNKNOWN
1899840,6.24,8.41,10.25,-0.083,-0.136,0.408,-2.99,7.32,11.16,0.369,0.067,-0.062,5,7,UNKNOWN
1900020,6.55,8.49,9.719999,0.142,-0.119,0.202,-2.9,7.52,10.65,0.51,-0.023,-0.103,5,7,UNKNOWN
1900080,6.55,8.49,9.719999,0.142,-0.119,0.202,-5.66,8.18,7.03,-0.163,-0.704,0.197,5,7,UNKNOWN
1900260,10.62,7.03,11.66,2.483,-1.774,0.979,-3.36,6.97,9.18,-1.137,-0.31,-0.027,5,7,UNKNOWN
1900380,-8.679999,-23.42,5.27,-4.352,-0.179,-3.211,-3.43,6.69,13.1,-1.044,-0.292,0.3,5,7,UNKNOWN
1900560,-15.17,64.58,43.61,4.38,4.377,0.705,-0.5,8.6,12.61,-0.211,-0.145,-0.022,5,7,UNKNOWN
1900680,-4.63,-57.89,-20.11,0.667,1.876,-3.855,-6.6,5.44,13.23,0.399,-0.409,-0.16,5,7,UNKNOWN
1900800,3.74,16.69,29.18,-2.554,-0.165,1.214,-1.77,6.28,13.99,1.131,1.04,0.161,5,7,UNKNOWN
1900920,11.89,-3.27,11.66,0.999,0.087,-0.348,-5.13,7.83,9.12,0.896,-0.146,-0.541,5,7,UNKNOWN
1901040,5.95,9.849999,13.45,1.314,-0.431,-0.64,-3.06,6.59,12.37,-0.324,0.127,0.431,6,7,UNKNOWN
1901161,6.62,7.93,8.389999,0.352,-1.134,0.155,-3.3,7.72,10.74,-0.091,-0.009,-0.353,6,7,UNKNOWN
1901341,7.68,6.1,8.58,-0.626,-0.431,1.012,-3.94,7.21,11.17,0.056,-0.121,0.004,6,7,UNKNOWN
1901461,3.06,12.29,6.52,-0.948,1.531,0.023,-3.61,7.39,11.42,-0.03,0.013,0.134,6,7,UNKNOWN
1901581,7.15,5.37,9.41,-0.416,0.589,0.364,-3.7,7.31,10.86,0.134,-0.083,0.014,6,7,UNKNOWN
1901641,7.35,6.25,8.62,-0.395,0.176,0.392,-3.97,7.13,11.18,-0.223,-0.151,0.214,6,7,UNKNOWN
1901761,6.91,5.78,9.17,-0.339,0.254,0.821,-3.29,7.03,12.12,-0.197,-0.199,0.283,6,7,UNKNOWN
1901881,6.69,4.9,9.48,-0.243,0.088,0.603,-2.93,7.21,12.18,-0.037,-0.103,0.049,6,7,UNKNOWN
1902061,6.56,4.91,9.469999,-0.013,0.086,0.633,-3.05,7.27,11.8,0.016,0.058,0.038,6,7,UNKNOWN
1902181,7.14,5.41,9.2,0.022,0.052,0.554,-2.82,7.19,11.61,0.032,0.062,0.029,6,7,UNKNOWN
1902301,6.84,5.35,9.179999,0.018,0.014,0.583,-2.93,7.25,11.81,0.012,-0.001,0.003,6,7,UNKNOWN
1902421,6.87,5.36,9.28,-0.043,0.056,0.488,-3.04,7.31,11.83,0.025,-0.009,-0.009,6,7,UNKNOWN
1902541,6.76,5.5,9.41,-0.022,0.056,0.517,-2.99,7.15,11.79,-0.026,0.002,0.006,6,7,UNKNOWN
1902661,7.02,5.45,9.34,-0.032,0.044,0.471,-3.08,7.21,11.85,-0.009,0.004,0.01,6,7,UNKNOWN
1902781,6.95,5.33,9.16,-0.036,0.044,0.504,-3.14,7.16,11.85,0.039,0.027,-0.003,6,7,UNKNOWN
1902961,6.94,5.58,9.27,-0.06,0.055,0.511,-2.95,7.3,11.63,0.038,0.016,-0.018,6,7,UNKNOWN
1903141,7.06,5.47,9.17,-0.087,0.082,0.453,-3.2,7.14,11.74,0.034,0.024,-0.004,6,7,UNKNOWN
1903201,7.06,5.47,9.17,-0.087,0.082,0.453,-3.14,7.22,11.85,-0.014,-0.039,-0.033,6,7,UNKNOWN
1903321,7.05,5.4,9.28,-0.076,0.092,0.516,-3.04,7.22,11.7,0.075,0.044,-0.013,6,7,UNKNOWN
1903441,6.81,5.31,9.41,-0.015,0.027,0.496,-3.21,7.33,11.43,0.165,0.015,-0.12,6,7,UNKNOWN
1903561,7,5.73,9.16,-0.015,0.023,0.453,-3.26,7.29,11.69,0.095,-0.029,-0.069,6,7,UNKNOWN
1903681,6.9,5.6,9.34,-0.02,-0.126,0.204,-3.26,7.19,11.32,0.266,0.092,-0.083,6,7,UNKNOWN
1903861,6.75,6.38,9.15,-0.122,-0.299,0.161,-3.44,7.52,9.67,0.549,-0.093,-0.091,6,7,UNKNOWN
1903921,7.15,7.42,7.49,-0.065,0.289,-0.627,-8.05,11.29,9.17,0.031,-1.224,0.355,6,7,UNKNOWN
1904041,11.02,15.61,25.33,1.489,-4.35,0.42,-3.06,7.47,8.69,-0.321,-0.043,0.723,6,7,UNKNOWN
1904161,10.23,5.97,7.35,2.788,-2.51,0.632,-3.74,8.43,7.62,-0.835,-0.743,-0.093,6,7,UNKNOWN
1904342,10.06,-1.93,-4.23,1.422,1.873,-1.34,-1.75,6.36,13.46,-1.416,-0.78,0.033,6,7,UNKNOWN
1904402,-7.86,53.67,39.15,-4.352,4.381,-1.149,-3.01,6.96,16.09,-0.601,-0.002,0.862,6,7,UNKNOWN
1904522,24.14,-115.73,44.14,1.139,4.381,4.876,7.11,4.35,13.12,4.421,4.4,0.232,6,7,UNKNOWN
1904706,12.07,9.19,20.3,-4.352,1.135,2.027,19.74,-3.36,-25.66,-4.31,-4.331,0.5,6,8,UNKNOWN
1904826,6.78,1.58,24.19,0.036,-0.783,-0.574,1.57,-9.75,12.59,1.607,4.4,0.003,7,8,UNKNOWN
1904948,5.77,7.09,8.51,3.286,-2.167,-0.82,0.16,6.87,-3.4,0.709,-0.258,-1.61,7,8,UNKNOWN
1905068,7.92,7.95,4.97,1.262,-2.899,-1.825,-0.38,8.85,5.14,-1.597,0.638,-2.551,7,8,UNKNOWN
1905188,5.61,9.53,7.16,1.126,-0.307,-0.725,-4.69,3.71,2.85,-2.152,-1.025,-1.031,7,8,UNKNOWN
1905308,6.63,9.469999,3.92,0.52,-0.5,1.586,-3.33,7.55,5.83,-2.9,-1.408,0.286,7,8,UNKNOWN
1905548,7.29,9.59,6.37,-1.047,-0.382,1.929,-2.44,6.22,9.28,-0.501,-0.446,0.762,7,8,UNKNOWN
1905608,7.29,9.59,6.37,-1.047,-0.382,1.929,-2.72,7.87,9.62,-0.831,-0.368,0.401,7,8,UNKNOWN
1905728,7.9,4.81,7.79,-3.065,-0.866,0.519,-3.03,7.89,9.17,-1.185,-0.646,0.501,7,8,UNKNOWN
1905908,6.09,5.8,7.72,-0.855,0.516,2.909,-0.44,6.27,14.99,-1.066,0.01,0.589,7,8,UNKNOWN
1906028,6.12,3.39,9.66,-0.561,1.666,1.72,-0.83,5.5,15.85,-0.983,-0.246,0.249,7,8,UNKNOWN
1906148,4.62,2.29,10.81,-0.478,0.402,1.676,-0.42,5.23,16.25,-0.144,-0.309,0.148,7,8,UNKNOWN
1906268,4.98,1.53,10.19,-0.307,0.008,0.773,0.17,5.69,16.08,0.128,0.09,0.088,7,8,UNKNOWN
1906448,5.95,2.3,9.66,0.005,-0.01,0.444,-0.03,5.89,15.62,-0.087,-0.019,0.01,7,8,UNKNOWN
1906508,5.95,2.3,9.66,0.005,-0.01,0.444,-0.27,5.61,15.71,0.027,-0.012,-0.017,7,8,UNKNOWN
1906628,5.39,1.95,10.05,-0.059,0.063,0.55,-0.21,5.49,15.81,-0.027,-0.058,0.014,7,8,UNKNOWN
1906688,5.28,1.99,10.08,-0.07,0.094,0.657,-0.1,5.51,15.96,-0.084,-0.046,0.042,7,8,UNKNOWN
1906808,5.37,1.65,10.02,-0.061,0.045,0.497,-0.07,5.65,15.61,0.024,-0.002,0.014,7,8,UNKNOWN
1906928,5.52,2.09,9.86,-0.061,0.072,0.541,0.05,5.65,15.68,0.032,-0.09,0.012,7,8,UNKNOWN
1907048,5.54,1.98,9.76,-0.147,0.03,0.495,0.06,5.72,15.69,0.023,-0.04,-0.036,7,8,UNKNOWN
1907108,5.53,1.93,9.77,-0.046,0.057,0.499,0.11,5.69,15.54,0.01,0.02,-0.012,7,8,UNKNOWN
1907288,5.44,1.84,9.82,-0.026,0.06,0.528,-0.11,5.53,15.66,0.012,-0.001,-0.025,7,8,UNKNOWN
1907348,5.33,2.01,9.929999,-0.044,0.059,0.485,0.06,5.63,15.73,0.013,0.022,0.022,7,8,UNKNOWN
1907468,5.61,2.11,9.84,-0.048,0.051,0.511,-0.04,5.61,15.73,0.001,0.026,-0.005,7,8,UNKNOWN
1907528,5.61,2.11,9.84,-0.048,0.051,0.511,-0.08,5.62,15.63,0.016,-0.061,-0.016,7,8,UNKNOWN
1907648,5.38,1.95,9.87,-0.099,0.061,0.519,-0.01,5.65,15.66,-0.006,0,0.014,7,8,UNKNOWN
1907768,5.48,1.86,9.8,-0.057,0.066,0.533,-0.02,5.64,15.65,-0.01,-0.019,-0.018,7,8,UNKNOWN
1907828,5.52,1.82,9.7,-0.063,0.074,0.525,0.06,5.69,15.67,0.004,0.008,-0.006,7,8,UNKNOWN
1908008,5.43,1.78,9.889999,-0.052,0.079,0.525,-0.09,5.56,15.73,0.021,-0.001,-0.009,7,8,UNKNOWN
1908068,5.43,1.78,9.889999,-0.052,0.079,0.525,-0.02,5.66,15.64,0.001,-0.003,0.001,7,8,UNKNOWN
1908188,5.53,1.95,9.83,-0.04,0.061,0.55,0.07,5.62,15.71,-0.008,-0.014,0.012,7,8,UNKNOWN
1908368,5.63,1.89,9.679999,-0.07,0.075,0.553,-0.1,5.64,15.73,0.017,0.007,-0.001,7,8,UNKNOWN
1908488,5.31,1.75,9.889999,-0.054,0.062,0.533,0.04,5.61,15.71,0.039,0.023,0.033,7,8,UNKNOWN
1908608,5.55,1.83,9.84,-0.031,0.042,0.455,-0.05,5.71,15.52,0.074,0.019,-0.036,7,8,UNKNOWN
1908668,5.55,1.83,9.84,-0.031,0.042,0.455,-0.04,5.85,15.57,0.056,0.024,-0.035,7,8,UNKNOWN
1908788,5.62,1.93,9.78,-0.003,0.059,0.47,0.2,5.66,16.23,0.334,-0.079,-0.191,7,8,UNKNOWN
1908968,4.77,1.1,10.26,-0.115,-0.34,-0.448,0.15,6.3,14.72,1.819,0.082,-0.544,7,8,UNKNOWN
1909088,6.18,3.51,8.92,0.498,-0.496,-1.292,-1.25,7.06,11,1.677,0.726,-0.267,7,8,UNKNOWN
1909148,7.53,7.85,7.37,0.87,-0.322,-0.769,-1.97,7.47,9.65,1.26,0.445,-0.197,7,8,UNKNOWN
1909268,5.99,13.56,14.08,-2.929,4.381,-0.249,-2.44,7.26,9.57,0.683,0.141,0.277,7,8,UNKNOWN
1909328,5.99,13.56,14.08,-2.929,4.381,-0.249,-1.25,9.89,4.69,-0.123,0.214,0.351,7,8,UNKNOWN
1909448,8.429999,7.14,8.74,0.54,-4.35,-0.041,-0.79,8.62,4.72,-2.276,-1.219,-0.493,7,8,UNKNOWN
1909568,9.08,9.88,4.72,2.011,-1.512,0.113,1.37,2.1,12.42,-4.31,-2.727,-0.937,7,8,UNKNOWN
1909628,6.12,4.93,1.74,2.392,-1.648,0.722,3.05,-0.31,15.93,-4.31,-3.449,-0.936,7,8,UNKNOWN
1909748,5.7,3.84,-3.22,0.757,-0.941,-1.011,5.69,-4.24,22.17,-1.652,-2.879,-1.069,7,8,UNKNOWN
1909868,4.54,5.49,-3.48,0.218,0.013,-1.894,6.67,-2.48,23.68,1.008,0.573,-0.153,7,8,UNKNOWN
1909988,1.25,7.55,-1.89,-2.018,0.699,-0.822,5.64,0.57,19.58,4.272,3.917,-0.924,7,8,UNKNOWN
1910111,-2.1,12.31,4.15,-4.352,2.132,2.332,-0.62,2.54,10.94,3.494,4.4,0.536,7,9,UNKNOWN
1910158,-2.1,12.31,4.15,-4.352,2.132,2.332,-0.97,2.87,8.65,3.532,4.4,1.015,7,9,UNKNOWN
1910278,2.21,2.19,13.12,-2.299,2.056,4.876,-0.26,5.17,5.7,1.227,3.057,2.201,7,9,UNKNOWN
1910294,12.44,-3.15,13.7,1.706,-3.702,3.558,0.37,5.1,5.09,1.449,2.795,2.014,7,9,UNKNOWN
1910459,10.31,-6.47,3.72,0.779,0.23,-2.985,4.85,11.24,-1.03,-1.688,-2.024,-1.151,7,9,UNKNOWN
1910519,3.4,3.21,7.84,-3.31,0.816,-3.855,2.69,5.9,4.14,-4.08,-3.387,-2.179,7,9,UNKNOWN
1910639,-1.7,13.42,11.73,-4.352,0.615,-0.356,-1.1,1.62,10.72,-4.31,-4.089,-1.175,7,9,UNKNOWN
1910699,-1.7,13.42,11.73,-4.352,0.615,-0.356,-0.1,0.06,14.74,-4.31,-4.331,0.082,7,9,UNKNOWN
1910819,9.719999,6.71,12.5,-0.687,2.576,1.022,9.68,-1.65,24.28,-1.481,-4.331,1.32,7,9,UNKNOWN
1910879,0.63,13.34,17.62,0.169,-0.405,0.703,13.47,-0.65,26.43,0.815,0.714,0.097,7,9,UNKNOWN
1910999,1.64,7.3,13.11,4.38,-0.976,2.954,4.17,0.7,15.36,4.421,4.4,-2.71,7,9,UNKNOWN
1911062,1.64,7.3,13.11,4.38,-0.976,2.954,-1.8,0.65,9.67,4.421,4.4,-1.482,7,10,UNKNOWN
1911184,10.19,0.74,4.27,2.781,-0.18,2.319,-2.97,3.71,6.3,2.784,2.897,1.962,7,10,UNKNOWN
1911304,8.08,4.7,3.1,0.037,-2.599,1.125,-0.26,9.43,2.96,1.022,-1.872,1.004,7,10,UNKNOWN
1911364,10.14,2.7,5.72,-1.104,0.141,-1.35,-2.98,9.01,5.56,-0.839,-2.56,0.753,7,10,UNKNOWN
1911484,7.88,8.45,6.27,-0.411,0.797,-1.31,0.74,6.87,7.36,0.071,-0.181,0.065,7,10,UNKNOWN
1911544,7.88,8.45,6.27,-0.411,0.797,-1.31,-0.16,7.11,6.8,0.514,0.006,-0.66,7,10,UNKNOWN
1911664,5.45,10.13,11.3,0.106,3.038,0.231,-1.72,6.7,5.58,0.193,-0.915,-0.783,7,10,UNKNOWN
1911784,6.2,11.24,10,-0.372,0.044,0.982,-0.81,6.99,6.68,-0.239,0.18,-0.037,7,10,UNKNOWN
1911844,6.2,11.24,10,-0.372,0.044,0.982,-2.03,7.56,5.72,-0.384,0.058,-0.031,7,10,UNKNOWN
1911964,6.31,9.400001,10.05,-0.317,0.534,1.303,-2.18,6.84,6.53,-0.289,-0.171,0.108,7,10,UNKNOWN
1912084,5.53,8.400001,10.9,-0.304,0.293,0.672,-1.74,7.45,7.52,-0.734,-0.16,0.31,7,10,UNKNOWN
1912204,5.92,7.51,11.35,-0.655,0.279,1.14,-1.02,7.31,8.62,-0.371,-0.053,0.193,7,10,UNKNOWN
1912264,5.45,5.9,11.5,-0.35,0.114,0.787,-1.4,7.45,8.63,-0.057,-0.03,0.08,7,10,UNKNOWN
1912444,6.38,6.17,11.15,0.023,0.04,0.513,-1.25,7.51,8.14,0.058,0.006,-0.1,7,10,UNKNOWN
1912504,6.01,6.52,11.29,0.078,0.083,0.433,-1.35,7.47,8.08,0.04,0.08,0.078,7,10,UNKNOWN
1912624,6.07,6.78,11.48,-0.036,0.09,0.442,-1.1,7.54,7.94,0.018,0.002,-0.026,7,10,UNKNOWN
1912684,6.07,6.78,11.48,-0.036,0.09,0.442,-1.57,7.4,8.11,0.003,0.009,0.02,7,10,UNKNOWN
1912804,5.52,6.75,11.76,-0.071,0.042,0.534,-1.12,7.45,8.19,-0.017,-0.013,0.054,7,10,UNKNOWN
1912864,5.52,6.75,11.76,-0.071,0.042,0.534,-1.41,7.45,8.34,0.03,0.01,0.012,7,10,UNKNOWN
1912984,5.8,6.73,11.52,-0.036,0.006,0.535,-1.07,7.59,7.96,0.043,-0.019,-0.041,7,10,UNKNOWN
1913104,6.04,6.87,11.52,-0.038,0.067,0.446,-1.41,7.52,8.1,0.023,-0.047,-0.036,7,10,UNKNOWN
1913224,5.74,6.8,11.58,-0.048,0.056,0.444,-1.34,7.54,8.32,-0.011,-0.016,-0.023,7,10,UNKNOWN
1913344,5.62,6.5,11.62,-0.045,0.078,0.512,-1.2,7.6,8.19,0.01,0.014,0.012,7,10,UNKNOWN
1913464,5.89,6.6,11.63,-0.038,0.04,0.527,-1.39,7.51,8.2,-0.026,-0.015,-0.02,7,10,UNKNOWN
1913524,5.73,6.75,11.53,-0.068,0.082,0.519,-1.32,7.49,8.3,0.015,0.016,0.048,7,10,UNKNOWN
1913584,5.73,6.75,11.53,-0.068,0.082,0.519,-1.37,7.55,8.21,0.016,-0.011,-0.035,7,10,UNKNOWN
1913704,5.91,6.68,11.41,-0.04,0.087,0.466,-1.35,7.56,8.13,0.002,-0.032,-0.054,7,10,UNKNOWN
1913824,5.99,6.63,11.39,-0.046,0.065,0.49,-1.42,7.51,8.22,-0.01,0.004,-0.012,7,10,UNKNOWN
1913884,5.97,6.71,11.48,-0.041,0.069,0.487,-1.3,7.4,8.25,0.019,0.035,0.061,7,10,UNKNOWN
1914004,6.06,6.55,11.37,-0.036,0.034,0.468,-1.16,7.52,8.07,0.004,-0.007,0.001,7,10,UNKNOWN
1914124,5.94,6.79,11.52,-0.054,0.048,0.475,-1.2,7.54,8.11,0.007,-0.005,-0.014,7,10,UNKNOWN
1914244,5.95,6.77,11.49,-0.052,0.043,0.483,-1.21,7.61,8.16,0.003,-0.038,-0.036,7,10,UNKNOWN
1914304,5.85,6.76,11.57,-0.059,0.077,0.49,-1.29,7.46,8.3,-0.001,0.02,0.028,7,10,UNKNOWN
1914424,5.82,6.84,11.55,-0.04,0.086,0.503,-1.19,7.43,8.22,0.01,0.028,0.042,7,10,UNKNOWN
1914484,5.82,6.84,11.55,-0.04,0.086,0.503,-1.35,7.54,8.18,-0.021,0.004,-0.003,7,10,UNKNOWN
1914604,5.85,6.8,11.63,-0.046,0.081,0.526,-1.31,7.59,8.24,-0.001,0.004,0.012,7,10,UNKNOWN
1914724,5.78,6.71,11.67,-0.055,0.069,0.537,-1.46,7.54,8.31,-0.028,-0.016,0.009,7,10,UNKNOWN
1914844,5.74,6.8,11.65,-0.077,0.086,0.554,-1.51,7.45,8.21,-0.006,0.003,0,7,10,UNKNOWN
1914964,5.63,6.79,11.7,-0.046,0.098,0.517,-1.34,7.53,8.31,0.008,0.011,0.028,7,10,UNKNOWN
1915024,5.66,6.73,11.76,-0.045,0.056,0.519,-1.41,7.52,8.11,0.032,-0.004,-0.019,7,10,UNKNOWN
1915144,5.78,6.77,11.63,-0.037,0.051,0.54,-1.35,7.5,8.22,-0.028,-0.014,0.008,7,10,UNKNOWN
1915204,5.52,6.56,11.68,-0.043,0.068,0.557,-1.19,7.59,8.14,0.023,-0.029,-0.038,7,10,UNKNOWN
1915324,5.62,6.57,11.67,-0.028,0.045,0.538,-1.39,7.55,8.19,-0.001,-0.021,-0.034,7,10,UNKNOWN
1915384,5.62,6.57,11.67,-0.028,0.045,0.538,-1.26,7.46,8.28,0.016,0.024,0.023,7,10,UNKNOWN
1915444,5.8,6.52,11.59,-0.02,0.012,0.494,-1.4,7.56,8.23,0.013,0.026,-0.006,7,10,UNKNOWN
1915564,6.01,6.73,11.43,-0.008,0.031,0.445,-1.51,7.45,8.07,-0.02,-0.008,0.005,7,10,UNKNOWN
1915684,5.73,6.71,11.58,-0.077,0.06,0.458,-1.37,7.43,8.43,0.025,0.007,0.006,7,10,UNKNOWN
1915804,6.01,6.84,11.55,-0.023,0.025,0.445,-1.41,7.52,8.11,0.004,0.002,0.012,7,10,UNKNOWN
1915924,5.82,6.77,11.58,-0.068,0.059,0.505,-1.2,7.49,8.25,0.031,0.015,0.003,7,10,UNKNOWN
1916044,5.66,6.85,11.65,-0.025,0.075,0.506,-1.25,7.55,8.11,0.026,-0.002,0.004,7,10,UNKNOWN
1916104,5.66,6.85,11.65,-0.025,0.075,0.506,-1.39,7.52,8.21,-0.023,0.001,0.007,7,10,UNKNOWN
1916224,5.82,6.81,11.59,-0.033,0.078,0.49,-1.41,7.49,8.14,-0.013,-0.013,-0.006,7,10,UNKNOWN
1916284,5.82,6.81,11.59,-0.033,0.078,0.49,-1.33,7.51,8.3,0.017,0.009,0.032,7,10,UNKNOWN
1916404,5.94,6.45,11.49,-0.027,0.026,0.5,-1.24,7.57,8.05,0.008,-0.011,-0.002,7,10,UNKNOWN
1916464,6.04,6.7,11.55,-0.048,0.044,0.468,-1.43,7.47,8.16,-0.027,-0.018,-0.021,7,10,UNKNOWN
1916584,5.71,6.74,11.63,-0.059,0.059,0.492,-1.38,7.47,8.36,0,0.017,0.011,7,10,UNKNOWN
1916704,5.92,6.62,11.57,-0.01,0.037,0.499,-1.47,7.52,8.17,-0.004,0.02,0.014,7,10,UNKNOWN
1916764,5.92,6.62,11.57,-0.01,0.037,0.499,-1.26,7.57,8.11,0.014,-0.008,-0.035,7,10,UNKNOWN
1916884,5.88,6.74,11.54,-0.02,0.06,0.477,-1.29,7.54,8.07,0.019,-0.026,-0.027,7,10,UNKNOWN
1917004,5.89,6.72,11.54,-0.027,0.04,0.463,-1.36,7.55,8.1,-0.025,-0.023,-0.017,7,10,UNKNOWN
1917124,5.85,6.84,11.58,-0.047,0.061,0.461,-1.43,7.59,8.2,-0.006,-0.012,-0.007,7,10,UNKNOWN
1917244,5.89,6.8,11.66,-0.049,0.062,0.48,-1.44,7.46,8.32,-0.01,-0.009,-0.036,7,10,UNKNOWN
